usuario,genero,minutos_reproducidos
u00001,Accion,470
u00002,Romance,360
u00003,Accion,355
u00004,Animacion,119
u00005,Documental,202
u00006,Drama,466
u00007,Drama,96
u00008,CienciaFiccion,167
u00009,Romance,387
u00010,Animacion,156
u00011,Accion,211
u00012,Accion,467
u00013,Terror,496
u00014,Romance,349
u00015,Romance,288
u00016,Romance,307
u00017,Terror,5
u00018,Romance,462
u00019,Comedia,201
u00020,Romance,354
u00021,Terror,459
u00022,Accion,75
u00023,Accion,82
u00024,Animacion,96
u00025,Comedia,427
u00026,Animacion,202
u00027,Comedia,315
u00028,Romance,486
u00029,Romance,494
u00030,Documental,10
u00031,Animacion,405
u00032,Animacion,363
u00033,Drama,334
u00034,Animacion,318
u00035,Accion,142
u00036,Comedia,384
u00037,Romance,143
u00038,Animacion,124
u00039,Accion,113
u00040,Romance,500
u00041,Accion,234
u00042,Animacion,105
u00043,Drama,100
u00044,Romance,142
u00045,Terror,298
u00046,Animacion,299
u00047,Animacion,35
u00048,Documental,317
u00049,Accion,402
u00050,CienciaFiccion,376
u00051,Animacion,40
u00052,Documental,156
u00053,CienciaFiccion,111
u00054,Terror,173
u00055,Documental,163
u00056,Romance,426
u00057,Romance,82
u00058,Terror,26
u00059,Animacion,418
u00060,Documental,380
u00061,Documental,2
u00062,Documental,258
u00063,Comedia,356
u00064,CienciaFiccion,331
u00065,Comedia,151
u00066,Documental,381
u00067,Comedia,366
u00068,Documental,396
u00069,Drama,16
u00070,CienciaFiccion,163
u00071,Terror,226
u00072,Terror,135
u00073,Drama,377
u00074,Drama,128
u00075,Documental,434
u00076,Documental,160
u00077,Romance,443
u00078,CienciaFiccion,390
u00079,Animacion,4
u00080,Accion,190
u00081,CienciaFiccion,256
u00082,CienciaFiccion,215
u00083,Animacion,484
u00084,Drama,274
u00085,Documental,161
u00086,Drama,235
u00087,Terror,125
u00088,Documental,278
u00089,Comedia,226
u00090,Terror,467
u00091,Animacion,306
u00092,Comedia,197
u00093,CienciaFiccion,50
u00094,Documental,484
u00095,Documental,92
u00096,Comedia,29
u00097,CienciaFiccion,50
u00098,Documental,486
u00099,Animacion,400
u00100,Drama,467
u00101,Terror,67
u00102,Accion,9
u00103,Drama,207
u00104,Terror,409
u00105,Documental,295
u00106,Drama,99
u00107,Drama,250
u00108,Accion,312
u00109,Documental,133
u00110,Animacion,496
u00111,CienciaFiccion,380
u00112,Romance,328
u00113,CienciaFiccion,143
u00114,Documental,109
u00115,Documental,258
u00116,Comedia,491
u00117,Drama,465
u00118,Romance,242
u00119,Terror,476
u00120,Drama,219
u00121,Accion,369
u00122,Accion,152
u00123,Comedia,433
u00124,Accion,166
u00125,CienciaFiccion,444
u00126,Animacion,399
u00127,Comedia,336
u00128,Drama,352
u00129,Terror,318
u00130,CienciaFiccion,83
u00131,Comedia,220
u00132,Animacion,226
u00133,Animacion,195
u00134,Comedia,309
u00135,CienciaFiccion,247
u00136,Romance,301
u00137,Comedia,196
u00138,Romance,295
u00139,Accion,103
u00140,Accion,422
u00141,CienciaFiccion,327
u00142,Comedia,102
u00143,Romance,245
u00144,Accion,5
u00145,Terror,208
u00146,Documental,407
u00147,Drama,321
u00148,Comedia,209
u00149,Romance,455
u00150,Romance,285
u00151,Documental,158
u00152,Drama,380
u00153,Romance,362
u00154,CienciaFiccion,320
u00155,CienciaFiccion,251
u00156,Romance,246
u00157,CienciaFiccion,279
u00158,Drama,2
u00159,Accion,196
u00160,Documental,280
u00161,CienciaFiccion,432
u00162,Romance,176
u00163,Romance,65
u00164,CienciaFiccion,30
u00165,Accion,142
u00166,Documental,405
u00167,Terror,86
u00168,Accion,282
u00169,Documental,35
u00170,CienciaFiccion,296
u00171,Drama,282
u00172,Animacion,59
u00173,CienciaFiccion,144
u00174,Accion,10
u00175,Accion,485
u00176,Drama,159
u00177,Animacion,227
u00178,Drama,122
u00179,Romance,81
u00180,CienciaFiccion,5
u00181,Documental,479
u00182,Terror,112
u00183,Romance,368
u00184,Documental,442
u00185,CienciaFiccion,146
u00186,Accion,177
u00187,Comedia,281
u00188,Animacion,436
u00189,Drama,438
u00190,Comedia,118
u00191,Terror,486
u00192,Comedia,167
u00193,Accion,120
u00194,Comedia,81
u00195,Documental,146
u00196,Accion,418
u00197,Drama,92
u00198,Documental,311
u00199,Terror,207
u00200,Romance,228
u00201,Terror,466
u00202,Accion,92
u00203,Documental,228
u00204,Accion,17
u00205,Romance,257
u00206,Accion,461
u00207,Animacion,410
u00208,Documental,154
u00209,Romance,486
u00210,Accion,488
u00211,Terror,176
u00212,Terror,215
u00213,Romance,281
u00214,Comedia,296
u00215,Animacion,12
u00216,Animacion,198
u00217,Documental,498
u00218,Romance,445
u00219,Animacion,313
u00220,Accion,69
u00221,CienciaFiccion,13
u00222,Comedia,65
u00223,Romance,240
u00224,Animacion,147
u00225,Comedia,354
u00226,Terror,56
u00227,Documental,484
u00228,Comedia,30
u00229,Comedia,105
u00230,Drama,205
u00231,Accion,269
u00232,Romance,232
u00233,Terror,466
u00234,Terror,186
u00235,Accion,382
u00236,Drama,251
u00237,Documental,251
u00238,Drama,385
u00239,Animacion,303
u00240,Accion,251
u00241,CienciaFiccion,189
u00242,Documental,316
u00243,Animacion,284
u00244,Animacion,352
u00245,Documental,176
u00246,CienciaFiccion,335
u00247,Terror,461
u00248,Accion,37
u00249,Animacion,131
u00250,Romance,253
u00251,Terror,315
u00252,Accion,48
u00253,Documental,311
u00254,Documental,156
u00255,Drama,169
u00256,CienciaFiccion,263
u00257,CienciaFiccion,262
u00258,Animacion,262
u00259,Accion,178
u00260,Animacion,500
u00261,Romance,14
u00262,Comedia,133
u00263,CienciaFiccion,1
u00264,Documental,241
u00265,Accion,5
u00266,Romance,195
u00267,Romance,371
u00268,Animacion,72
u00269,CienciaFiccion,361
u00270,CienciaFiccion,252
u00271,Romance,40
u00272,Romance,4
u00273,Accion,267
u00274,Documental,164
u00275,Terror,274
u00276,Documental,356
u00277,Romance,130
u00278,Documental,141
u00279,Romance,149
u00280,Romance,373
u00281,CienciaFiccion,434
u00282,Terror,484
u00283,Animacion,68
u00284,Romance,63
u00285,Comedia,30
u00286,Documental,240
u00287,Romance,360
u00288,Romance,53
u00289,Animacion,110
u00290,Romance,438
u00291,Terror,318
u00292,Animacion,339
u00293,Comedia,405
u00294,Terror,382
u00295,Accion,236
u00296,Accion,393
u00297,CienciaFiccion,28
u00298,CienciaFiccion,169
u00299,Terror,336
u00300,CienciaFiccion,132
u00301,Terror,110
u00302,Terror,453
u00303,Documental,345
u00304,Drama,325
u00305,Drama,262
u00306,Romance,299
u00307,Animacion,174
u00308,CienciaFiccion,76
u00309,Terror,310
u00310,Documental,139
u00311,CienciaFiccion,410
u00312,Animacion,166
u00313,Terror,440
u00314,Drama,470
u00315,Terror,230
u00316,Drama,282
u00317,Terror,205
u00318,Romance,222
u00319,Documental,325
u00320,Accion,392
u00321,Documental,435
u00322,Drama,410
u00323,Documental,147
u00324,Comedia,37
u00325,Animacion,491
u00326,CienciaFiccion,147
u00327,CienciaFiccion,76
u00328,Documental,315
u00329,Documental,356
u00330,Animacion,485
u00331,Accion,119
u00332,Drama,163
u00333,Comedia,209
u00334,Romance,458
u00335,Accion,56
u00336,Comedia,480
u00337,Documental,220
u00338,Accion,495
u00339,Animacion,87
u00340,Comedia,439
u00341,Romance,208
u00342,CienciaFiccion,247
u00343,Terror,182
u00344,Drama,153
u00345,Documental,266
u00346,Drama,347
u00347,Drama,400
u00348,Romance,210
u00349,Terror,56
u00350,Animacion,420
u00351,Drama,263
u00352,Drama,128
u00353,Documental,265
u00354,Accion,306
u00355,CienciaFiccion,111
u00356,Comedia,9
u00357,CienciaFiccion,3
u00358,Accion,424
u00359,CienciaFiccion,346
u00360,Accion,75
u00361,Documental,171
u00362,CienciaFiccion,92
u00363,Comedia,43
u00364,Comedia,95
u00365,Accion,379
u00366,Drama,256
u00367,CienciaFiccion,406
u00368,Drama,250
u00369,Comedia,412
u00370,Documental,66
u00371,Comedia,55
u00372,Comedia,95
u00373,CienciaFiccion,15
u00374,Accion,304
u00375,Documental,105
u00376,Drama,285
u00377,Accion,258
u00378,Drama,490
u00379,Accion,254
u00380,CienciaFiccion,13
u00381,CienciaFiccion,391
u00382,Terror,281
u00383,Terror,397
u00384,Terror,480
u00385,CienciaFiccion,396
u00386,Documental,261
u00387,Drama,106
u00388,Comedia,16
u00389,Accion,457
u00390,CienciaFiccion,48
u00391,Documental,183
u00392,Comedia,439
u00393,Drama,344
u00394,Comedia,155
u00395,Drama,58
u00396,Accion,320
u00397,Accion,352
u00398,Accion,319
u00399,Drama,213
u00400,Drama,26
u00401,Documental,184
u00402,Documental,12
u00403,CienciaFiccion,433
u00404,Accion,306
u00405,CienciaFiccion,455
u00406,Romance,229
u00407,Animacion,84
u00408,Drama,84
u00409,Romance,326
u00410,Romance,315
u00411,Drama,405
u00412,Drama,368
u00413,Romance,111
u00414,Accion,393
u00415,Terror,319
u00416,Documental,420
u00417,CienciaFiccion,422
u00418,CienciaFiccion,394
u00419,Terror,479
u00420,CienciaFiccion,435
u00421,Romance,118
u00422,Accion,401
u00423,Comedia,320
u00424,Comedia,405
u00425,Drama,85
u00426,CienciaFiccion,185
u00427,Accion,458
u00428,Animacion,374
u00429,Drama,174
u00430,Comedia,346
u00431,CienciaFiccion,68
u00432,Animacion,445
u00433,Animacion,412
u00434,Drama,426
u00435,Romance,370
u00436,Animacion,303
u00437,Animacion,499
u00438,Romance,298
u00439,Animacion,459
u00440,Documental,212
u00441,Terror,190
u00442,Romance,138
u00443,Drama,261
u00444,Terror,226
u00445,CienciaFiccion,88
u00446,Documental,27
u00447,Documental,109
u00448,Documental,321
u00449,Accion,454
u00450,Drama,78
u00451,Comedia,187
u00452,CienciaFiccion,450
u00453,CienciaFiccion,309
u00454,CienciaFiccion,443
u00455,Comedia,274
u00456,CienciaFiccion,287
u00457,Animacion,364
u00458,Drama,490
u00459,Animacion,309
u00460,Accion,110
u00461,Accion,190
u00462,CienciaFiccion,407
u00463,Drama,177
u00464,Drama,12
u00465,Drama,264
u00466,CienciaFiccion,298
u00467,Animacion,460
u00468,Accion,460
u00469,Accion,10
u00470,Accion,319
u00471,CienciaFiccion,198
u00472,Documental,388
u00473,Romance,188
u00474,Accion,374
u00475,Comedia,139
u00476,Terror,126
u00477,Comedia,290
u00478,Terror,37
u00479,Animacion,203
u00480,Terror,461
u00481,Accion,209
u00482,Drama,358
u00483,Comedia,156
u00484,Drama,282
u00485,Accion,391
u00486,Documental,42
u00487,Romance,101
u00488,Comedia,436
u00489,Animacion,194
u00490,Romance,444
u00491,Comedia,167
u00492,Animacion,451
u00493,Romance,385
u00494,Romance,289
u00495,Animacion,281
u00496,Accion,370
u00497,Comedia,126
u00498,Documental,323
u00499,Comedia,68
u00500,Documental,430
u00501,CienciaFiccion,403
u00502,Romance,489
u00503,Drama,375
u00504,CienciaFiccion,430
u00505,CienciaFiccion,271
u00506,Documental,107
u00507,Drama,383
u00508,Animacion,303
u00509,Animacion,415
u00510,Romance,254
u00511,Comedia,481
u00512,Documental,450
u00513,Drama,440
u00514,Romance,70
u00515,Animacion,130
u00516,Romance,431
u00517,CienciaFiccion,324
u00518,Documental,83
u00519,Comedia,434
u00520,CienciaFiccion,106
u00521,Documental,327
u00522,Comedia,299
u00523,CienciaFiccion,143
u00524,Drama,94
u00525,Comedia,364
u00526,Drama,222
u00527,Documental,479
u00528,Accion,354
u00529,CienciaFiccion,139
u00530,CienciaFiccion,119
u00531,Drama,180
u00532,Comedia,65
u00533,Accion,292
u00534,Terror,342
u00535,Documental,399
u00536,Comedia,153
u00537,Drama,494
u00538,Terror,104
u00539,Terror,81
u00540,Romance,495
u00541,Drama,220
u00542,CienciaFiccion,307
u00543,Animacion,496
u00544,Romance,185
u00545,Terror,76
u00546,Terror,127
u00547,Documental,452
u00548,Drama,352
u00549,Documental,411
u00550,Drama,253
u00551,Terror,436
u00552,Animacion,443
u00553,Animacion,335
u00554,Romance,287
u00555,Documental,96
u00556,Documental,141
u00557,Drama,417
u00558,Documental,347
u00559,Comedia,173
u00560,Accion,20
u00561,Drama,224
u00562,Documental,445
u00563,Documental,486
u00564,Accion,444
u00565,Romance,415
u00566,Documental,480
u00567,Drama,486
u00568,Accion,455
u00569,Accion,27
u00570,CienciaFiccion,394
u00571,Accion,383
u00572,Drama,314
u00573,Documental,453
u00574,Accion,409
u00575,Animacion,16
u00576,Accion,96
u00577,Romance,366
u00578,Comedia,323
u00579,Terror,500
u00580,Comedia,467
u00581,Drama,135
u00582,Terror,461
u00583,Comedia,281
u00584,Romance,41
u00585,Comedia,259
u00586,CienciaFiccion,309
u00587,CienciaFiccion,441
u00588,Terror,353
u00589,Drama,52
u00590,Comedia,418
u00591,Animacion,349
u00592,Drama,6
u00593,Comedia,166
u00594,Romance,144
u00595,Drama,436
u00596,Drama,314
u00597,Animacion,127
u00598,Comedia,11
u00599,Animacion,294
u00600,Romance,370
u00601,Animacion,375
u00602,Romance,25
u00603,CienciaFiccion,329
u00604,Accion,42
u00605,CienciaFiccion,325
u00606,Comedia,500
u00607,Comedia,58
u00608,Romance,316
u00609,Terror,390
u00610,Romance,261
u00611,Animacion,190
u00612,Documental,262
u00613,CienciaFiccion,71
u00614,Drama,449
u00615,Accion,442
u00616,Terror,162
u00617,Accion,189
u00618,Comedia,5
u00619,Terror,167
u00620,Drama,382
u00621,Documental,390
u00622,Documental,78
u00623,CienciaFiccion,306
u00624,CienciaFiccion,431
u00625,Comedia,101
u00626,Drama,258
u00627,Documental,358
u00628,Comedia,391
u00629,Romance,271
u00630,Romance,46
u00631,Comedia,179
u00632,Terror,439
u00633,Accion,432
u00634,CienciaFiccion,55
u00635,Accion,29
u00636,Comedia,496
u00637,Animacion,50
u00638,Drama,320
u00639,Accion,217
u00640,Romance,431
u00641,Drama,31
u00642,Comedia,199
u00643,Drama,192
u00644,Romance,309
u00645,Accion,244
u00646,CienciaFiccion,357
u00647,Drama,289
u00648,Accion,55
u00649,Documental,205
u00650,Romance,176
u00651,Accion,421
u00652,Documental,231
u00653,Documental,204
u00654,CienciaFiccion,171
u00655,CienciaFiccion,110
u00656,Comedia,141
u00657,Accion,63
u00658,Drama,257
u00659,Documental,130
u00660,Drama,285
u00661,Animacion,21
u00662,Romance,131
u00663,CienciaFiccion,494
u00664,Accion,393
u00665,Terror,206
u00666,Comedia,156
u00667,Comedia,319
u00668,Documental,379
u00669,Accion,84
u00670,Drama,38
u00671,Accion,26
u00672,Drama,29
u00673,Animacion,211
u00674,Terror,65
u00675,CienciaFiccion,331
u00676,CienciaFiccion,350
u00677,CienciaFiccion,398
u00678,Terror,133
u00679,Comedia,195
u00680,CienciaFiccion,77
u00681,Drama,272
u00682,Romance,160
u00683,Animacion,291
u00684,CienciaFiccion,454
u00685,Drama,337
u00686,Romance,241
u00687,Romance,482
u00688,Drama,413
u00689,CienciaFiccion,241
u00690,Romance,238
u00691,Comedia,328
u00692,CienciaFiccion,398
u00693,Accion,496
u00694,Accion,411
u00695,CienciaFiccion,453
u00696,Documental,290
u00697,Accion,70
u00698,Accion,45
u00699,Accion,471
u00700,Documental,288
u00701,Animacion,404
u00702,Terror,91
u00703,CienciaFiccion,301
u00704,CienciaFiccion,75
u00705,Comedia,239
u00706,Accion,491
u00707,Animacion,431
u00708,Romance,258
u00709,Comedia,465
u00710,Accion,389
u00711,Terror,103
u00712,Comedia,430
u00713,Drama,125
u00714,Documental,161
u00715,Accion,218
u00716,Romance,182
u00717,Terror,325
u00718,Drama,463
u00719,Documental,314
u00720,Documental,297
u00721,Drama,320
u00722,Drama,413
u00723,Terror,332
u00724,Romance,234
u00725,CienciaFiccion,8
u00726,CienciaFiccion,365
u00727,CienciaFiccion,92
u00728,Animacion,429
u00729,Romance,141
u00730,Accion,163
u00731,Terror,367
u00732,Accion,129
u00733,CienciaFiccion,492
u00734,Animacion,410
u00735,Drama,79
u00736,Terror,372
u00737,Romance,141
u00738,Drama,175
u00739,Terror,496
u00740,CienciaFiccion,339
u00741,Animacion,34
u00742,Documental,276
u00743,Drama,50
u00744,Comedia,130
u00745,CienciaFiccion,5
u00746,Terror,359
u00747,Accion,212
u00748,Documental,55
u00749,Terror,352
u00750,Animacion,107
u00751,Drama,137
u00752,Romance,483
u00753,Drama,26
u00754,Terror,376
u00755,Documental,291
u00756,Accion,148
u00757,Romance,119
u00758,Animacion,371
u00759,Documental,343
u00760,Animacion,419
u00761,Drama,441
u00762,Accion,218
u00763,Drama,99
u00764,Terror,115
u00765,Accion,190
u00766,CienciaFiccion,2
u00767,Comedia,239
u00768,Comedia,376
u00769,CienciaFiccion,451
u00770,Romance,234
u00771,Romance,144
u00772,Romance,402
u00773,Comedia,90
u00774,Accion,145
u00775,Documental,454
u00776,CienciaFiccion,347
u00777,Romance,461
u00778,Terror,25
u00779,Documental,164
u00780,CienciaFiccion,318
u00781,Documental,140
u00782,Animacion,268
u00783,Drama,344
u00784,CienciaFiccion,163
u00785,Drama,229
u00786,Documental,262
u00787,Animacion,216
u00788,Drama,330
u00789,CienciaFiccion,76
u00790,CienciaFiccion,438
u00791,Romance,140
u00792,Comedia,292
u00793,CienciaFiccion,195
u00794,Terror,435
u00795,Animacion,103
u00796,Comedia,472
u00797,Accion,298
u00798,Animacion,234
u00799,Romance,451
u00800,Terror,375
u00801,Romance,287
u00802,Comedia,104
u00803,Drama,170
u00804,Accion,223
u00805,CienciaFiccion,121
u00806,Documental,81
u00807,Drama,410
u00808,Terror,481
u00809,CienciaFiccion,216
u00810,Drama,405
u00811,Animacion,164
u00812,Terror,424
u00813,Romance,17
u00814,Accion,470
u00815,Terror,126
u00816,Documental,127
u00817,Terror,359
u00818,Romance,387
u00819,Drama,403
u00820,Terror,477
u00821,Documental,239
u00822,Animacion,464
u00823,Comedia,129
u00824,Comedia,309
u00825,Drama,118
u00826,Accion,78
u00827,Comedia,220
u00828,Comedia,455
u00829,Animacion,284
u00830,Comedia,246
u00831,Romance,393
u00832,Accion,280
u00833,Terror,329
u00834,Accion,499
u00835,Romance,208
u00836,Terror,386
u00837,Romance,109
u00838,Terror,90
u00839,Comedia,189
u00840,Accion,287
u00841,Romance,451
u00842,Accion,120
u00843,Comedia,236
u00844,Drama,133
u00845,Animacion,43
u00846,Comedia,430
u00847,Comedia,472
u00848,Drama,392
u00849,Animacion,199
u00850,Documental,341
u00851,Drama,405
u00852,Romance,400
u00853,Drama,310
u00854,Documental,383
u00855,Animacion,34
u00856,Documental,324
u00857,Documental,377
u00858,CienciaFiccion,483
u00859,Drama,291
u00860,Animacion,389
u00861,Animacion,485
u00862,Drama,366
u00863,Romance,231
u00864,CienciaFiccion,64
u00865,Romance,282
u00866,Comedia,332
u00867,Accion,113
u00868,Documental,489
u00869,CienciaFiccion,494
u00870,Drama,324
u00871,Terror,139
u00872,CienciaFiccion,425
u00873,Romance,393
u00874,CienciaFiccion,288
u00875,Drama,34
u00876,Documental,291
u00877,Documental,237
u00878,CienciaFiccion,161
u00879,Accion,51
u00880,Documental,33
u00881,Romance,417
u00882,Documental,321
u00883,Romance,384
u00884,Romance,302
u00885,CienciaFiccion,88
u00886,Documental,129
u00887,Animacion,399
u00888,CienciaFiccion,398
u00889,Animacion,237
u00890,Romance,181
u00891,Comedia,446
u00892,Drama,375
u00893,Documental,415
u00894,CienciaFiccion,256
u00895,Terror,320
u00896,Terror,215
u00897,Accion,423
u00898,Terror,388
u00899,Comedia,289
u00900,Drama,98
u00901,CienciaFiccion,5
u00902,Documental,83
u00903,Documental,451
u00904,Accion,404
u00905,Documental,299
u00906,Drama,183
u00907,Romance,2
u00908,Animacion,471
u00909,Animacion,381
u00910,Terror,157
u00911,CienciaFiccion,327
u00912,CienciaFiccion,77
u00913,Documental,333
u00914,Romance,139
u00915,Terror,368
u00916,Animacion,256
u00917,Drama,474
u00918,Animacion,97
u00919,Documental,58
u00920,CienciaFiccion,416
u00921,Terror,410
u00922,Documental,269
u00923,Comedia,50
u00924,Comedia,206
u00925,Terror,132
u00926,Terror,474
u00927,Accion,119
u00928,Comedia,49
u00929,Documental,180
u00930,CienciaFiccion,356
u00931,Romance,261
u00932,Documental,492
u00933,CienciaFiccion,54
u00934,Comedia,469
u00935,CienciaFiccion,286
u00936,Terror,173
u00937,Accion,13
u00938,Romance,186
u00939,Romance,15
u00940,Accion,163
u00941,Terror,208
u00942,Accion,363
u00943,Drama,60
u00944,Terror,58
u00945,Terror,160
u00946,Documental,296
u00947,Animacion,201
u00948,Animacion,44
u00949,Romance,232
u00950,CienciaFiccion,190
u00951,Comedia,454
u00952,CienciaFiccion,78
u00953,Animacion,192
u00954,Terror,374
u00955,Romance,191
u00956,Romance,438
u00957,Terror,251
u00958,Accion,227
u00959,Animacion,337
u00960,Animacion,140
u00961,Terror,43
u00962,Documental,211
u00963,Terror,52
u00964,Romance,281
u00965,Documental,50
u00966,Animacion,42
u00967,Documental,200
u00968,Drama,491
u00969,Drama,362
u00970,Documental,31
u00971,Documental,453
u00972,Romance,46
u00973,Accion,227
u00974,Animacion,478
u00975,Documental,118
u00976,Documental,222
u00977,CienciaFiccion,177
u00978,Animacion,374
u00979,Romance,451
u00980,Drama,151
u00981,Documental,240
u00982,Romance,11
u00983,Accion,72
u00984,Accion,486
u00985,Documental,72
u00986,Drama,369
u00987,Accion,115
u00988,Romance,152
u00989,Documental,318
u00990,Documental,200
u00991,CienciaFiccion,53
u00992,CienciaFiccion,164
u00993,Romance,98
u00994,Romance,324
u00995,Romance,470
u00996,Terror,209
u00997,Terror,400
u00998,CienciaFiccion,413
u00999,Terror,246
u01000,Comedia,239
u01001,Accion,450
u01002,Drama,250
u01003,CienciaFiccion,37
u01004,Accion,186
u01005,CienciaFiccion,217
u01006,CienciaFiccion,401
u01007,Romance,52
u01008,Documental,269
u01009,CienciaFiccion,2
u01010,Romance,63
u01011,Romance,158
u01012,Documental,7
u01013,Comedia,426
u01014,Animacion,155
u01015,Documental,104
u01016,Drama,421
u01017,Romance,140
u01018,Accion,457
u01019,Terror,60
u01020,Terror,88
u01021,Comedia,300
u01022,Drama,29
u01023,Drama,177
u01024,Documental,45
u01025,Terror,58
u01026,CienciaFiccion,119
u01027,Comedia,87
u01028,Accion,119
u01029,Accion,365
u01030,Animacion,424
u01031,Terror,185
u01032,Animacion,310
u01033,Animacion,88
u01034,Terror,32
u01035,Accion,150
u01036,Terror,258
u01037,CienciaFiccion,233
u01038,Accion,448
u01039,Animacion,33
u01040,Accion,68
u01041,Comedia,282
u01042,Romance,181
u01043,Comedia,454
u01044,Documental,462
u01045,Drama,343
u01046,Terror,163
u01047,Accion,201
u01048,Terror,430
u01049,Accion,352
u01050,CienciaFiccion,405
u01051,Animacion,2
u01052,Animacion,186
u01053,Drama,256
u01054,Animacion,328
u01055,Romance,58
u01056,Romance,262
u01057,Comedia,443
u01058,Romance,92
u01059,CienciaFiccion,450
u01060,Drama,291
u01061,CienciaFiccion,290
u01062,Documental,491
u01063,Accion,227
u01064,Accion,40
u01065,Accion,448
u01066,Romance,437
u01067,Romance,377
u01068,CienciaFiccion,80
u01069,Comedia,6
u01070,Drama,213
u01071,Terror,12
u01072,CienciaFiccion,289
u01073,Documental,213
u01074,Accion,220
u01075,Drama,116
u01076,Romance,401
u01077,Comedia,256
u01078,Drama,402
u01079,Drama,148
u01080,Drama,245
u01081,Romance,302
u01082,CienciaFiccion,41
u01083,Comedia,381
u01084,CienciaFiccion,404
u01085,Documental,69
u01086,CienciaFiccion,148
u01087,Romance,350
u01088,Comedia,182
u01089,Animacion,474
u01090,Documental,399
u01091,Romance,486
u01092,Documental,342
u01093,Documental,167
u01094,Comedia,438
u01095,Romance,323
u01096,Drama,18
u01097,Terror,307
u01098,Documental,356
u01099,Drama,232
u01100,Comedia,179
u01101,Terror,85
u01102,CienciaFiccion,99
u01103,Romance,59
u01104,Drama,75
u01105,CienciaFiccion,499
u01106,Accion,231
u01107,Romance,499
u01108,Comedia,63
u01109,Terror,131
u01110,Animacion,57
u01111,Terror,318
u01112,Terror,23
u01113,Drama,480
u01114,Comedia,256
u01115,CienciaFiccion,193
u01116,Drama,153
u01117,Comedia,266
u01118,Comedia,134
u01119,Animacion,482
u01120,Accion,305
u01121,Documental,429
u01122,Romance,49
u01123,CienciaFiccion,471
u01124,Documental,478
u01125,Romance,398
u01126,Comedia,427
u01127,Accion,193
u01128,Romance,429
u01129,CienciaFiccion,461
u01130,Documental,357
u01131,Terror,347
u01132,Terror,133
u01133,Animacion,25
u01134,Romance,433
u01135,Accion,356
u01136,Comedia,108
u01137,Documental,102
u01138,Drama,481
u01139,CienciaFiccion,40
u01140,Comedia,373
u01141,Animacion,103
u01142,Romance,95
u01143,Terror,382
u01144,Romance,222
u01145,CienciaFiccion,368
u01146,Comedia,365
u01147,Documental,54
u01148,Documental,422
u01149,Animacion,297
u01150,Animacion,12
u01151,Comedia,57
u01152,Comedia,373
u01153,Animacion,53
u01154,Drama,87
u01155,Comedia,154
u01156,Romance,303
u01157,CienciaFiccion,322
u01158,Comedia,417
u01159,CienciaFiccion,333
u01160,Romance,46
u01161,Romance,407
u01162,Documental,215
u01163,Accion,406
u01164,Accion,440
u01165,Animacion,385
u01166,Terror,383
u01167,Terror,74
u01168,Comedia,66
u01169,Romance,111
u01170,Romance,475
u01171,Documental,235
u01172,Documental,340
u01173,Drama,83
u01174,Documental,484
u01175,Documental,435
u01176,Animacion,297
u01177,Romance,230
u01178,Terror,341
u01179,Comedia,117
u01180,Animacion,297
u01181,Accion,152
u01182,Drama,123
u01183,Drama,383
u01184,CienciaFiccion,289
u01185,Accion,267
u01186,Comedia,268
u01187,CienciaFiccion,359
u01188,Terror,299
u01189,Drama,482
u01190,Terror,443
u01191,Animacion,440
u01192,Animacion,339
u01193,Accion,164
u01194,Animacion,88
u01195,Drama,31
u01196,Drama,463
u01197,Documental,321
u01198,Terror,491
u01199,Drama,412
u01200,Accion,84
u01201,Terror,43
u01202,Terror,329
u01203,Drama,478
u01204,Animacion,173
u01205,Terror,109
u01206,Drama,298
u01207,Drama,394
u01208,Documental,42
u01209,Comedia,416
u01210,Documental,360
u01211,CienciaFiccion,218
u01212,Drama,222
u01213,CienciaFiccion,495
u01214,Documental,221
u01215,Drama,166
u01216,Romance,258
u01217,Animacion,492
u01218,Romance,331
u01219,Animacion,460
u01220,Animacion,238
u01221,Comedia,212
u01222,Accion,99
u01223,Terror,258
u01224,Drama,378
u01225,Drama,190
u01226,Drama,485
u01227,Documental,473
u01228,Romance,401
u01229,Accion,433
u01230,Animacion,47
u01231,CienciaFiccion,126
u01232,Accion,192
u01233,Comedia,472
u01234,Documental,144
u01235,Romance,78
u01236,Terror,430
u01237,Animacion,226
u01238,Documental,150
u01239,Romance,432
u01240,Drama,43
u01241,Comedia,487
u01242,Documental,158
u01243,Romance,50
u01244,Documental,42
u01245,CienciaFiccion,403
u01246,Drama,165
u01247,Accion,414
u01248,Romance,88
u01249,Accion,324
u01250,Drama,196
u01251,Romance,155
u01252,Documental,57
u01253,CienciaFiccion,447
u01254,Comedia,397
u01255,Comedia,471
u01256,CienciaFiccion,263
u01257,Accion,113
u01258,Terror,220
u01259,Romance,219
u01260,Documental,412
u01261,Terror,441
u01262,Comedia,141
u01263,Comedia,472
u01264,Terror,353
u01265,Comedia,36
u01266,Comedia,368
u01267,CienciaFiccion,419
u01268,Documental,282
u01269,Documental,351
u01270,Comedia,115
u01271,Accion,393
u01272,Romance,477
u01273,CienciaFiccion,371
u01274,Animacion,264
u01275,Comedia,124
u01276,Animacion,58
u01277,Animacion,428
u01278,Terror,387
u01279,CienciaFiccion,85
u01280,Animacion,248
u01281,Documental,149
u01282,Romance,64
u01283,Animacion,339
u01284,Comedia,54
u01285,Drama,154
u01286,Drama,354
u01287,Accion,80
u01288,CienciaFiccion,485
u01289,Drama,192
u01290,Documental,69
u01291,Documental,324
u01292,CienciaFiccion,442
u01293,Romance,472
u01294,Animacion,2
u01295,Accion,248
u01296,Animacion,295
u01297,Comedia,446
u01298,Comedia,305
u01299,Comedia,436
u01300,Drama,231
u01301,Accion,404
u01302,Terror,318
u01303,Animacion,405
u01304,CienciaFiccion,136
u01305,Romance,480
u01306,Drama,322
u01307,Accion,433
u01308,CienciaFiccion,431
u01309,Romance,5
u01310,Drama,405
u01311,Documental,430
u01312,Comedia,263
u01313,Animacion,49
u01314,Accion,267
u01315,Terror,128
u01316,Comedia,299
u01317,Documental,235
u01318,Comedia,36
u01319,Documental,468
u01320,Comedia,234
u01321,Romance,236
u01322,Terror,311
u01323,Terror,326
u01324,Documental,213
u01325,Documental,441
u01326,Romance,316
u01327,CienciaFiccion,186
u01328,Documental,170
u01329,Drama,314
u01330,Drama,316
u01331,CienciaFiccion,426
u01332,Romance,500
u01333,Terror,232
u01334,Accion,474
u01335,CienciaFiccion,34
u01336,CienciaFiccion,360
u01337,Comedia,487
u01338,Romance,326
u01339,Terror,465
u01340,Drama,454
u01341,CienciaFiccion,379
u01342,Terror,100
u01343,CienciaFiccion,104
u01344,Documental,415
u01345,Documental,488
u01346,Comedia,130
u01347,CienciaFiccion,277
u01348,CienciaFiccion,280
u01349,Accion,419
u01350,Terror,388
u01351,CienciaFiccion,176
u01352,Comedia,173
u01353,Drama,153
u01354,Drama,448
u01355,Accion,88
u01356,Terror,114
u01357,Terror,282
u01358,Accion,361
u01359,Animacion,192
u01360,Comedia,135
u01361,CienciaFiccion,409
u01362,Animacion,77
u01363,Romance,42
u01364,Romance,250
u01365,Terror,393
u01366,Romance,369
u01367,Romance,164
u01368,Drama,431
u01369,Comedia,55
u01370,Documental,101
u01371,Animacion,184
u01372,CienciaFiccion,388
u01373,CienciaFiccion,347
u01374,Animacion,54
u01375,Drama,3
u01376,Terror,437
u01377,Romance,477
u01378,Terror,88
u01379,Animacion,446
u01380,Documental,382
u01381,Animacion,18
u01382,Documental,32
u01383,Documental,373
u01384,Romance,378
u01385,Documental,154
u01386,CienciaFiccion,210
u01387,Documental,381
u01388,Animacion,42
u01389,Terror,17
u01390,Terror,305
u01391,Drama,121
u01392,Romance,192
u01393,Drama,31
u01394,Accion,469
u01395,Comedia,29
u01396,Drama,199
u01397,Accion,416
u01398,Terror,132
u01399,Documental,275
u01400,CienciaFiccion,89
u01401,Comedia,154
u01402,Accion,396
u01403,Terror,113
u01404,CienciaFiccion,102
u01405,CienciaFiccion,182
u01406,Terror,177
u01407,CienciaFiccion,184
u01408,CienciaFiccion,473
u01409,Animacion,240
u01410,Romance,154
u01411,CienciaFiccion,132
u01412,Romance,316
u01413,Animacion,250
u01414,Animacion,213
u01415,Accion,321
u01416,Romance,15
u01417,Animacion,425
u01418,Animacion,6
u01419,Drama,132
u01420,Documental,431
u01421,Accion,319
u01422,Animacion,404
u01423,Drama,77
u01424,Accion,44
u01425,Documental,461
u01426,Drama,306
u01427,Drama,166
u01428,Comedia,280
u01429,Romance,191
u01430,Accion,84
u01431,Accion,461
u01432,Drama,212
u01433,Animacion,333
u01434,Comedia,235
u01435,Documental,398
u01436,CienciaFiccion,132
u01437,Drama,388
u01438,Animacion,352
u01439,Romance,269
u01440,Comedia,131
u01441,Animacion,308
u01442,Drama,446
u01443,Animacion,376
u01444,Documental,69
u01445,Documental,66
u01446,Comedia,354
u01447,Animacion,37
u01448,Terror,447
u01449,Comedia,186
u01450,Animacion,472
u01451,Comedia,75
u01452,Comedia,195
u01453,Comedia,261
u01454,Accion,273
u01455,Animacion,382
u01456,Animacion,62
u01457,Terror,259
u01458,Terror,270
u01459,Romance,104
u01460,Comedia,90
u01461,Comedia,475
u01462,Animacion,83
u01463,Comedia,283
u01464,Comedia,64
u01465,Animacion,70
u01466,Comedia,344
u01467,Drama,173
u01468,Drama,308
u01469,Accion,379
u01470,Animacion,43
u01471,Animacion,158
u01472,Accion,188
u01473,Drama,485
u01474,Drama,111
u01475,Documental,188
u01476,Romance,353
u01477,Comedia,177
u01478,Animacion,194
u01479,Documental,131
u01480,Documental,381
u01481,Animacion,206
u01482,Romance,317
u01483,Comedia,482
u01484,Accion,284
u01485,Animacion,121
u01486,Romance,328
u01487,Drama,229
u01488,Drama,352
u01489,Documental,374
u01490,Accion,33
u01491,Accion,368
u01492,CienciaFiccion,91
u01493,CienciaFiccion,419
u01494,Animacion,47
u01495,Accion,236
u01496,CienciaFiccion,49
u01497,Accion,237
u01498,Drama,202
u01499,Romance,470
u01500,Romance,28
u01501,CienciaFiccion,343
u01502,Animacion,342
u01503,Animacion,279
u01504,Romance,259
u01505,Drama,496
u01506,Drama,125
u01507,CienciaFiccion,149
u01508,Romance,394
u01509,Accion,385
u01510,Drama,300
u01511,Accion,226
u01512,Drama,259
u01513,CienciaFiccion,145
u01514,Drama,331
u01515,CienciaFiccion,425
u01516,Terror,318
u01517,Terror,97
u01518,Terror,19
u01519,CienciaFiccion,213
u01520,Animacion,158
u01521,Romance,334
u01522,Comedia,236
u01523,Animacion,173
u01524,Comedia,267
u01525,Accion,15
u01526,Documental,433
u01527,Animacion,82
u01528,Romance,399
u01529,Romance,355
u01530,Romance,152
u01531,Accion,158
u01532,Drama,204
u01533,Terror,223
u01534,Documental,203
u01535,CienciaFiccion,86
u01536,Romance,51
u01537,Documental,425
u01538,CienciaFiccion,94
u01539,Accion,348
u01540,Animacion,427
u01541,Terror,214
u01542,Accion,194
u01543,Documental,387
u01544,Terror,177
u01545,Drama,188
u01546,Romance,336
u01547,Comedia,303
u01548,Animacion,113
u01549,Animacion,402
u01550,Documental,275
u01551,Comedia,140
u01552,Comedia,296
u01553,Romance,207
u01554,Accion,54
u01555,CienciaFiccion,186
u01556,Documental,278
u01557,Terror,341
u01558,Animacion,347
u01559,Romance,205
u01560,Romance,164
u01561,Accion,77
u01562,Animacion,468
u01563,CienciaFiccion,21
u01564,Romance,440
u01565,Animacion,297
u01566,Drama,430
u01567,Accion,279
u01568,Accion,331
u01569,Animacion,482
u01570,Drama,427
u01571,Drama,138
u01572,Romance,256
u01573,Comedia,79
u01574,Accion,482
u01575,Romance,459
u01576,Documental,443
u01577,Terror,68
u01578,Accion,197
u01579,CienciaFiccion,160
u01580,Comedia,371
u01581,Terror,320
u01582,Animacion,393
u01583,Comedia,101
u01584,CienciaFiccion,72
u01585,Documental,397
u01586,Drama,77
u01587,Romance,101
u01588,Drama,391
u01589,CienciaFiccion,466
u01590,Drama,406
u01591,Romance,270
u01592,CienciaFiccion,432
u01593,CienciaFiccion,84
u01594,Documental,390
u01595,CienciaFiccion,464
u01596,Documental,62
u01597,Comedia,326
u01598,Documental,282
u01599,CienciaFiccion,487
u01600,Drama,383
u01601,Animacion,320
u01602,Terror,393
u01603,Comedia,256
u01604,Comedia,203
u01605,Animacion,66
u01606,Comedia,43
u01607,Terror,386
u01608,Romance,422
u01609,CienciaFiccion,148
u01610,CienciaFiccion,318
u01611,Documental,245
u01612,Accion,452
u01613,Accion,289
u01614,Accion,500
u01615,Drama,410
u01616,CienciaFiccion,133
u01617,Terror,369
u01618,Terror,369
u01619,Romance,475
u01620,Comedia,4
u01621,Documental,433
u01622,Animacion,467
u01623,Documental,348
u01624,Accion,308
u01625,Animacion,114
u01626,Comedia,53
u01627,CienciaFiccion,351
u01628,Accion,84
u01629,Comedia,279
u01630,CienciaFiccion,428
u01631,Drama,355
u01632,Accion,94
u01633,Terror,376
u01634,Drama,13
u01635,CienciaFiccion,161
u01636,Animacion,290
u01637,Animacion,220
u01638,Animacion,309
u01639,CienciaFiccion,260
u01640,Documental,409
u01641,Accion,205
u01642,Romance,15
u01643,Accion,26
u01644,Comedia,414
u01645,Comedia,143
u01646,Documental,49
u01647,Accion,163
u01648,Animacion,399
u01649,Terror,473
u01650,Drama,499
u01651,Terror,54
u01652,Accion,445
u01653,Terror,18
u01654,Drama,467
u01655,Romance,115
u01656,CienciaFiccion,135
u01657,Drama,485
u01658,Terror,163
u01659,Accion,28
u01660,Romance,127
u01661,Romance,29
u01662,Accion,194
u01663,Animacion,280
u01664,Accion,359
u01665,CienciaFiccion,232
u01666,Documental,355
u01667,Drama,408
u01668,Drama,495
u01669,Animacion,200
u01670,Drama,126
u01671,Documental,393
u01672,Drama,300
u01673,Terror,482
u01674,Documental,67
u01675,Animacion,226
u01676,Romance,75
u01677,Animacion,290
u01678,CienciaFiccion,216
u01679,Documental,193
u01680,Documental,336
u01681,Comedia,441
u01682,Documental,76
u01683,Documental,89
u01684,Animacion,500
u01685,CienciaFiccion,12
u01686,Terror,436
u01687,Comedia,216
u01688,Animacion,172
u01689,CienciaFiccion,425
u01690,CienciaFiccion,234
u01691,Accion,486
u01692,Documental,129
u01693,Animacion,231
u01694,Terror,353
u01695,Documental,429
u01696,CienciaFiccion,266
u01697,CienciaFiccion,126
u01698,Terror,475
u01699,Romance,48
u01700,Terror,366
u01701,CienciaFiccion,277
u01702,Drama,60
u01703,CienciaFiccion,181
u01704,Drama,463
u01705,Romance,357
u01706,Animacion,306
u01707,CienciaFiccion,98
u01708,Comedia,430
u01709,Documental,43
u01710,Comedia,450
u01711,Animacion,473
u01712,Drama,473
u01713,Accion,130
u01714,Drama,152
u01715,Terror,108
u01716,CienciaFiccion,344
u01717,Comedia,332
u01718,Drama,126
u01719,Comedia,84
u01720,Drama,397
u01721,Documental,90
u01722,Comedia,205
u01723,Romance,233
u01724,Romance,175
u01725,Comedia,396
u01726,Animacion,187
u01727,Romance,259
u01728,Terror,445
u01729,Drama,278
u01730,Drama,185
u01731,Documental,432
u01732,Comedia,324
u01733,Romance,346
u01734,Documental,110
u01735,Drama,447
u01736,Terror,63
u01737,Documental,32
u01738,Comedia,300
u01739,Documental,296
u01740,Animacion,52
u01741,Terror,221
u01742,Documental,118
u01743,Animacion,466
u01744,Documental,41
u01745,Drama,387
u01746,Comedia,500
u01747,CienciaFiccion,238
u01748,Accion,46
u01749,Documental,61
u01750,Comedia,337
u01751,Accion,326
u01752,Documental,403
u01753,Terror,325
u01754,Terror,260
u01755,Accion,275
u01756,CienciaFiccion,236
u01757,Terror,408
u01758,Comedia,16
u01759,Animacion,55
u01760,Documental,206
u01761,Comedia,335
u01762,Romance,498
u01763,Romance,77
u01764,Comedia,206
u01765,Animacion,14
u01766,Animacion,312
u01767,CienciaFiccion,29
u01768,Comedia,98
u01769,Animacion,293
u01770,Accion,390
u01771,Terror,420
u01772,Drama,291
u01773,Accion,328
u01774,Animacion,325
u01775,Accion,391
u01776,Comedia,101
u01777,Animacion,287
u01778,Accion,185
u01779,Terror,252
u01780,Romance,75
u01781,Comedia,285
u01782,Comedia,118
u01783,Comedia,392
u01784,Terror,46
u01785,Documental,181
u01786,Comedia,38
u01787,Drama,462
u01788,CienciaFiccion,154
u01789,CienciaFiccion,258
u01790,Animacion,183
u01791,Terror,207
u01792,CienciaFiccion,389
u01793,Drama,218
u01794,Romance,38
u01795,Comedia,164
u01796,CienciaFiccion,146
u01797,Romance,139
u01798,Comedia,328
u01799,Romance,216
u01800,Terror,122
u01801,Documental,97
u01802,Comedia,111
u01803,Drama,224
u01804,Accion,378
u01805,Accion,140
u01806,Animacion,394
u01807,Animacion,490
u01808,CienciaFiccion,299
u01809,Accion,297
u01810,CienciaFiccion,97
u01811,Terror,437
u01812,Documental,122
u01813,Romance,226
u01814,Romance,215
u01815,Documental,103
u01816,Terror,341
u01817,Animacion,186
u01818,Animacion,375
u01819,Drama,246
u01820,Drama,403
u01821,Accion,444
u01822,Drama,436
u01823,Terror,419
u01824,Accion,306
u01825,Comedia,327
u01826,CienciaFiccion,81
u01827,Terror,425
u01828,CienciaFiccion,194
u01829,Drama,154
u01830,CienciaFiccion,72
u01831,Terror,158
u01832,Drama,368
u01833,Animacion,300
u01834,Animacion,296
u01835,Animacion,283
u01836,Terror,464
u01837,Terror,374
u01838,Drama,342
u01839,Documental,90
u01840,Comedia,376
u01841,Romance,313
u01842,CienciaFiccion,258
u01843,Romance,251
u01844,Animacion,164
u01845,Documental,396
u01846,Drama,153
u01847,Animacion,327
u01848,Terror,43
u01849,CienciaFiccion,156
u01850,Documental,184
u01851,Animacion,60
u01852,Accion,155
u01853,Romance,37
u01854,Terror,271
u01855,Terror,52
u01856,Drama,92
u01857,Romance,195
u01858,CienciaFiccion,366
u01859,CienciaFiccion,350
u01860,Accion,474
u01861,Romance,410
u01862,Romance,130
u01863,CienciaFiccion,219
u01864,Documental,442
u01865,CienciaFiccion,381
u01866,Comedia,106
u01867,Animacion,276
u01868,Drama,257
u01869,Accion,50
u01870,CienciaFiccion,454
u01871,Terror,413
u01872,Animacion,184
u01873,Comedia,331
u01874,Animacion,197
u01875,Romance,71
u01876,Romance,140
u01877,Documental,222
u01878,Comedia,283
u01879,Animacion,372
u01880,Animacion,396
u01881,Comedia,23
u01882,Drama,401
u01883,Comedia,157
u01884,Comedia,450
u01885,Documental,372
u01886,Documental,482
u01887,CienciaFiccion,411
u01888,Accion,89
u01889,Documental,261
u01890,Documental,239
u01891,Animacion,207
u01892,Animacion,191
u01893,Documental,445
u01894,CienciaFiccion,373
u01895,CienciaFiccion,290
u01896,Terror,375
u01897,Accion,142
u01898,Animacion,429
u01899,Documental,316
u01900,Romance,326
u01901,Animacion,443
u01902,Comedia,270
u01903,Drama,494
u01904,Terror,102
u01905,Accion,156
u01906,Accion,400
u01907,Accion,471
u01908,CienciaFiccion,368
u01909,Comedia,243
u01910,Comedia,338
u01911,Documental,286
u01912,Animacion,464
u01913,Drama,478
u01914,Terror,98
u01915,Comedia,458
u01916,Accion,301
u01917,CienciaFiccion,69
u01918,Terror,344
u01919,Documental,65
u01920,Animacion,271
u01921,Comedia,290
u01922,Accion,282
u01923,Drama,9
u01924,Animacion,457
u01925,Terror,395
u01926,Accion,63
u01927,Comedia,316
u01928,Terror,385
u01929,Comedia,21
u01930,CienciaFiccion,29
u01931,Romance,398
u01932,Drama,367
u01933,Animacion,19
u01934,Accion,489
u01935,Romance,10
u01936,CienciaFiccion,287
u01937,Terror,86
u01938,Terror,234
u01939,Documental,126
u01940,CienciaFiccion,288
u01941,CienciaFiccion,24
u01942,Documental,80
u01943,Animacion,286
u01944,Documental,130
u01945,Comedia,364
u01946,Accion,292
u01947,Romance,124
u01948,Animacion,86
u01949,Romance,276
u01950,Drama,6
u01951,Drama,158
u01952,Drama,56
u01953,Romance,485
u01954,CienciaFiccion,205
u01955,Accion,378
u01956,Accion,242
u01957,Animacion,396
u01958,Comedia,252
u01959,Terror,295
u01960,Documental,261
u01961,Romance,219
u01962,Animacion,360
u01963,Animacion,407
u01964,Animacion,73
u01965,Drama,72
u01966,Animacion,106
u01967,Drama,6
u01968,Drama,362
u01969,CienciaFiccion,96
u01970,Animacion,374
u01971,Drama,350
u01972,Comedia,52
u01973,Drama,337
u01974,Animacion,421
u01975,Drama,220
u01976,Accion,172
u01977,Animacion,208
u01978,Accion,61
u01979,Documental,499
u01980,Accion,478
u01981,Romance,350
u01982,Terror,49
u01983,Accion,443
u01984,CienciaFiccion,153
u01985,Terror,270
u01986,Terror,241
u01987,Comedia,313
u01988,Accion,368
u01989,Drama,321
u01990,Drama,164
u01991,Drama,499
u01992,Animacion,393
u01993,Animacion,98
u01994,Accion,41
u01995,Documental,137
u01996,CienciaFiccion,345
u01997,Comedia,4
u01998,Terror,137
u01999,Terror,317
u02000,Terror,448
u02001,Romance,232
u02002,Comedia,318
u02003,Animacion,34
u02004,Documental,1
u02005,Drama,190
u02006,Documental,187
u02007,Terror,451
u02008,Comedia,34
u02009,Terror,385
u02010,Comedia,395
u02011,Romance,431
u02012,Comedia,304
u02013,Drama,394
u02014,Accion,101
u02015,Animacion,302
u02016,Comedia,31
u02017,Terror,236
u02018,Drama,45
u02019,Accion,133
u02020,Romance,125
u02021,Comedia,1
u02022,Terror,38
u02023,Drama,82
u02024,CienciaFiccion,195
u02025,Romance,329
u02026,Accion,216
u02027,Romance,237
u02028,Comedia,390
u02029,Accion,274
u02030,CienciaFiccion,134
u02031,Terror,275
u02032,CienciaFiccion,294
u02033,Animacion,398
u02034,CienciaFiccion,273
u02035,CienciaFiccion,462
u02036,Romance,55
u02037,Romance,86
u02038,Romance,369
u02039,Terror,376
u02040,Documental,144
u02041,Documental,2
u02042,Romance,213
u02043,CienciaFiccion,132
u02044,Romance,390
u02045,Terror,449
u02046,Accion,136
u02047,Animacion,10
u02048,Comedia,291
u02049,Documental,200
u02050,Romance,442
u02051,Romance,381
u02052,CienciaFiccion,436
u02053,Romance,341
u02054,Drama,106
u02055,CienciaFiccion,42
u02056,Comedia,327
u02057,Accion,369
u02058,CienciaFiccion,144
u02059,Drama,141
u02060,Animacion,323
u02061,Terror,378
u02062,Terror,269
u02063,Drama,472
u02064,Comedia,273
u02065,Drama,327
u02066,Romance,260
u02067,CienciaFiccion,137
u02068,Comedia,232
u02069,Accion,116
u02070,CienciaFiccion,88
u02071,Animacion,238
u02072,Accion,397
u02073,Accion,216
u02074,CienciaFiccion,447
u02075,Drama,270
u02076,Terror,56
u02077,CienciaFiccion,344
u02078,Animacion,175
u02079,CienciaFiccion,432
u02080,Documental,467
u02081,Documental,430
u02082,Comedia,356
u02083,Terror,288
u02084,Terror,265
u02085,Romance,166
u02086,Accion,347
u02087,Animacion,379
u02088,Accion,51
u02089,CienciaFiccion,42
u02090,CienciaFiccion,380
u02091,Drama,145
u02092,Animacion,470
u02093,Accion,19
u02094,Accion,401
u02095,Terror,343
u02096,Drama,254
u02097,Terror,374
u02098,CienciaFiccion,264
u02099,Comedia,231
u02100,Drama,261
u02101,Drama,316
u02102,Accion,20
u02103,CienciaFiccion,274
u02104,Romance,129
u02105,Accion,402
u02106,Animacion,366
u02107,Terror,79
u02108,Comedia,6
u02109,Terror,220
u02110,Documental,324
u02111,CienciaFiccion,488
u02112,Animacion,181
u02113,Animacion,484
u02114,Drama,249
u02115,Animacion,129
u02116,Animacion,58
u02117,Documental,66
u02118,Documental,451
u02119,Documental,343
u02120,Drama,179
u02121,Accion,275
u02122,Comedia,215
u02123,Animacion,432
u02124,CienciaFiccion,499
u02125,CienciaFiccion,254
u02126,Documental,133
u02127,Terror,91
u02128,CienciaFiccion,1
u02129,Terror,249
u02130,Animacion,81
u02131,Terror,11
u02132,Accion,317
u02133,Comedia,38
u02134,Drama,382
u02135,Accion,300
u02136,Drama,197
u02137,Terror,128
u02138,Accion,382
u02139,CienciaFiccion,214
u02140,Romance,334
u02141,Animacion,365
u02142,Documental,350
u02143,Comedia,79
u02144,Romance,245
u02145,Comedia,410
u02146,Comedia,406
u02147,Animacion,387
u02148,CienciaFiccion,245
u02149,Terror,346
u02150,Drama,37
u02151,Animacion,130
u02152,Animacion,257
u02153,Comedia,389
u02154,Romance,470
u02155,CienciaFiccion,357
u02156,CienciaFiccion,323
u02157,Terror,396
u02158,Terror,370
u02159,CienciaFiccion,498
u02160,Romance,457
u02161,Documental,412
u02162,Drama,137
u02163,Documental,93
u02164,Comedia,260
u02165,Terror,254
u02166,Romance,314
u02167,Documental,182
u02168,Drama,98
u02169,Animacion,92
u02170,Terror,304
u02171,Animacion,119
u02172,Documental,94
u02173,Drama,271
u02174,Drama,462
u02175,Accion,180
u02176,Comedia,83
u02177,CienciaFiccion,39
u02178,Documental,416
u02179,Romance,233
u02180,Documental,17
u02181,CienciaFiccion,91
u02182,Accion,200
u02183,Accion,433
u02184,Documental,312
u02185,Documental,46
u02186,Documental,268
u02187,Accion,237
u02188,Comedia,59
u02189,Drama,121
u02190,Documental,299
u02191,Comedia,138
u02192,Animacion,381
u02193,CienciaFiccion,108
u02194,Accion,264
u02195,Animacion,217
u02196,Romance,360
u02197,Romance,36
u02198,Comedia,143
u02199,Documental,149
u02200,Drama,388
u02201,Terror,239
u02202,CienciaFiccion,260
u02203,Terror,122
u02204,Romance,203
u02205,Romance,409
u02206,Drama,239
u02207,Terror,64
u02208,Animacion,143
u02209,Accion,105
u02210,Romance,273
u02211,CienciaFiccion,40
u02212,Accion,363
u02213,Romance,211
u02214,Drama,489
u02215,Documental,255
u02216,Romance,186
u02217,Animacion,247
u02218,Documental,300
u02219,Drama,395
u02220,CienciaFiccion,15
u02221,Animacion,207
u02222,Comedia,355
u02223,Animacion,491
u02224,Animacion,351
u02225,Accion,399
u02226,Drama,204
u02227,Documental,372
u02228,Drama,144
u02229,CienciaFiccion,489
u02230,CienciaFiccion,402
u02231,Terror,320
u02232,Animacion,339
u02233,Accion,337
u02234,Drama,465
u02235,Animacion,65
u02236,Terror,275
u02237,Comedia,246
u02238,Romance,207
u02239,Terror,104
u02240,Romance,99
u02241,Documental,96
u02242,Comedia,25
u02243,CienciaFiccion,289
u02244,CienciaFiccion,127
u02245,CienciaFiccion,214
u02246,Drama,429
u02247,Documental,333
u02248,Romance,308
u02249,Animacion,444
u02250,Accion,437
u02251,Accion,320
u02252,Documental,193
u02253,Terror,299
u02254,Accion,494
u02255,Romance,367
u02256,Documental,135
u02257,Romance,170
u02258,Terror,422
u02259,Accion,160
u02260,Documental,278
u02261,Animacion,129
u02262,Terror,212
u02263,Comedia,442
u02264,Animacion,18
u02265,Animacion,99
u02266,Animacion,251
u02267,Animacion,315
u02268,Romance,179
u02269,Drama,44
u02270,Terror,353
u02271,Comedia,57
u02272,Accion,250
u02273,Comedia,6
u02274,CienciaFiccion,372
u02275,CienciaFiccion,233
u02276,Comedia,492
u02277,Terror,99
u02278,Animacion,264
u02279,Romance,339
u02280,CienciaFiccion,418
u02281,Terror,465
u02282,Comedia,489
u02283,Animacion,312
u02284,Drama,36
u02285,CienciaFiccion,114
u02286,Documental,88
u02287,Romance,158
u02288,Documental,125
u02289,Comedia,367
u02290,CienciaFiccion,125
u02291,Comedia,110
u02292,Animacion,394
u02293,Comedia,241
u02294,Drama,379
u02295,Romance,494
u02296,Terror,298
u02297,Drama,427
u02298,Documental,359
u02299,Documental,318
u02300,Romance,294
u02301,Romance,105
u02302,Animacion,371
u02303,Romance,190
u02304,Accion,258
u02305,Animacion,487
u02306,CienciaFiccion,441
u02307,Documental,182
u02308,CienciaFiccion,426
u02309,Documental,58
u02310,Comedia,481
u02311,Comedia,422
u02312,Comedia,381
u02313,Comedia,262
u02314,Comedia,297
u02315,Accion,304
u02316,CienciaFiccion,133
u02317,Terror,300
u02318,Documental,294
u02319,Drama,46
u02320,Terror,447
u02321,Accion,251
u02322,Comedia,182
u02323,Terror,457
u02324,Comedia,317
u02325,Romance,5
u02326,CienciaFiccion,234
u02327,Accion,225
u02328,Drama,194
u02329,Terror,472
u02330,Comedia,58
u02331,Accion,387
u02332,Animacion,335
u02333,Drama,37
u02334,Comedia,2
u02335,Terror,63
u02336,Terror,242
u02337,CienciaFiccion,471
u02338,Drama,498
u02339,Documental,365
u02340,Terror,432
u02341,Accion,353
u02342,Accion,30
u02343,Comedia,136
u02344,Documental,172
u02345,Comedia,286
u02346,Terror,475
u02347,CienciaFiccion,166
u02348,Romance,470
u02349,Accion,320
u02350,Accion,47
u02351,Drama,445
u02352,Animacion,477
u02353,Animacion,129
u02354,Drama,347
u02355,Accion,395
u02356,Documental,399
u02357,Terror,487
u02358,Terror,352
u02359,Comedia,383
u02360,Documental,281
u02361,Animacion,180
u02362,CienciaFiccion,55
u02363,CienciaFiccion,461
u02364,Comedia,7
u02365,Terror,117
u02366,Romance,439
u02367,Drama,81
u02368,Comedia,253
u02369,Accion,355
u02370,Terror,6
u02371,Terror,175
u02372,Documental,86
u02373,Documental,438
u02374,Romance,161
u02375,Animacion,227
u02376,Animacion,227
u02377,Terror,353
u02378,Documental,486
u02379,Terror,72
u02380,Drama,344
u02381,Documental,232
u02382,Accion,459
u02383,Accion,173
u02384,Documental,198
u02385,Documental,466
u02386,Terror,197
u02387,Terror,397
u02388,CienciaFiccion,245
u02389,Documental,23
u02390,Animacion,433
u02391,CienciaFiccion,80
u02392,Animacion,279
u02393,Documental,495
u02394,Documental,392
u02395,Comedia,384
u02396,Comedia,140
u02397,Drama,124
u02398,Romance,55
u02399,Animacion,20
u02400,Romance,137
u02401,Romance,430
u02402,Comedia,170
u02403,Documental,421
u02404,Comedia,138
u02405,Romance,128
u02406,Comedia,386
u02407,Animacion,10
u02408,Accion,260
u02409,CienciaFiccion,71
u02410,Comedia,88
u02411,Romance,412
u02412,CienciaFiccion,261
u02413,CienciaFiccion,317
u02414,Documental,149
u02415,CienciaFiccion,81
u02416,Documental,154
u02417,Romance,176
u02418,Accion,173
u02419,Comedia,17
u02420,Comedia,74
u02421,Accion,101
u02422,Drama,70
u02423,Comedia,294
u02424,Documental,27
u02425,Animacion,130
u02426,Drama,220
u02427,Drama,45
u02428,Animacion,40
u02429,Documental,142
u02430,Accion,26
u02431,Drama,277
u02432,Romance,297
u02433,Animacion,133
u02434,Drama,237
u02435,Documental,491
u02436,Accion,362
u02437,Animacion,330
u02438,Comedia,406
u02439,Animacion,132
u02440,Accion,391
u02441,Accion,361
u02442,Documental,297
u02443,CienciaFiccion,257
u02444,Comedia,302
u02445,Documental,170
u02446,Comedia,298
u02447,Terror,401
u02448,Romance,88
u02449,Romance,100
u02450,Accion,94
u02451,Documental,170
u02452,Accion,347
u02453,Animacion,150
u02454,Documental,93
u02455,Animacion,111
u02456,CienciaFiccion,437
u02457,Animacion,263
u02458,Drama,157
u02459,Animacion,113
u02460,Comedia,266
u02461,Animacion,9
u02462,Accion,348
u02463,Accion,127
u02464,Comedia,405
u02465,Drama,325
u02466,Drama,210
u02467,CienciaFiccion,231
u02468,Animacion,196
u02469,Accion,319
u02470,Documental,260
u02471,Terror,335
u02472,Accion,153
u02473,Drama,433
u02474,Animacion,498
u02475,Accion,316
u02476,CienciaFiccion,208
u02477,Terror,470
u02478,Animacion,283
u02479,Animacion,401
u02480,Accion,376
u02481,Documental,364
u02482,Accion,304
u02483,Accion,347
u02484,Drama,116
u02485,Comedia,414
u02486,Accion,183
u02487,Documental,496
u02488,Documental,259
u02489,Romance,474
u02490,CienciaFiccion,237
u02491,Terror,417
u02492,Documental,20
u02493,Documental,335
u02494,Romance,246
u02495,Documental,237
u02496,Accion,275
u02497,Animacion,63
u02498,Comedia,435
u02499,Drama,232
u02500,Romance,330
u02501,Comedia,364
u02502,Drama,314
u02503,Drama,252
u02504,Terror,442
u02505,CienciaFiccion,135
u02506,Animacion,207
u02507,Animacion,3
u02508,Documental,194
u02509,Accion,126
u02510,Comedia,485
u02511,Documental,132
u02512,Terror,8
u02513,Animacion,121
u02514,CienciaFiccion,425
u02515,CienciaFiccion,476
u02516,Terror,27
u02517,CienciaFiccion,247
u02518,Animacion,450
u02519,Accion,162
u02520,Documental,465
u02521,CienciaFiccion,204
u02522,Drama,79
u02523,Documental,477
u02524,Comedia,81
u02525,Romance,128
u02526,Animacion,210
u02527,Romance,281
u02528,Accion,48
u02529,Documental,279
u02530,Terror,149
u02531,Animacion,16
u02532,Documental,352
u02533,Accion,383
u02534,Documental,6
u02535,CienciaFiccion,100
u02536,Accion,409
u02537,Terror,342
u02538,Documental,359
u02539,Romance,199
u02540,Documental,172
u02541,Accion,63
u02542,Terror,29
u02543,Terror,197
u02544,CienciaFiccion,69
u02545,Animacion,124
u02546,Terror,311
u02547,Terror,49
u02548,Documental,257
u02549,Comedia,87
u02550,Comedia,121
u02551,CienciaFiccion,59
u02552,Comedia,454
u02553,Comedia,176
u02554,Animacion,250
u02555,Drama,243
u02556,Comedia,18
u02557,Terror,404
u02558,Comedia,226
u02559,Drama,389
u02560,Documental,58
u02561,Romance,284
u02562,Comedia,467
u02563,Comedia,457
u02564,Romance,313
u02565,CienciaFiccion,348
u02566,CienciaFiccion,115
u02567,Documental,70
u02568,Terror,51
u02569,CienciaFiccion,57
u02570,Drama,335
u02571,Drama,498
u02572,Drama,352
u02573,Accion,495
u02574,CienciaFiccion,450
u02575,Comedia,479
u02576,Comedia,137
u02577,Animacion,485
u02578,Documental,65
u02579,Documental,369
u02580,Animacion,425
u02581,Romance,28
u02582,Animacion,221
u02583,Animacion,454
u02584,Accion,484
u02585,Drama,125
u02586,Terror,284
u02587,Terror,484
u02588,CienciaFiccion,146
u02589,Drama,223
u02590,Terror,307
u02591,Drama,457
u02592,Documental,134
u02593,Terror,459
u02594,Accion,368
u02595,Comedia,171
u02596,Accion,6
u02597,Terror,358
u02598,Accion,201
u02599,Accion,394
u02600,Comedia,242
u02601,CienciaFiccion,448
u02602,Animacion,286
u02603,Romance,310
u02604,Drama,474
u02605,Animacion,147
u02606,Animacion,466
u02607,CienciaFiccion,188
u02608,Drama,443
u02609,Romance,498
u02610,Documental,296
u02611,Terror,264
u02612,Documental,301
u02613,Comedia,385
u02614,Documental,475
u02615,Terror,344
u02616,Accion,14
u02617,Terror,180
u02618,Accion,445
u02619,Accion,351
u02620,Documental,329
u02621,Animacion,270
u02622,CienciaFiccion,424
u02623,Accion,417
u02624,Drama,492
u02625,Accion,166
u02626,CienciaFiccion,212
u02627,Romance,239
u02628,Drama,107
u02629,Romance,294
u02630,Romance,107
u02631,Documental,384
u02632,Terror,99
u02633,Accion,29
u02634,Comedia,192
u02635,Terror,180
u02636,Terror,227
u02637,Comedia,500
u02638,Terror,320
u02639,Romance,193
u02640,Animacion,235
u02641,Documental,432
u02642,CienciaFiccion,360
u02643,CienciaFiccion,220
u02644,Documental,404
u02645,Romance,117
u02646,Accion,105
u02647,Comedia,142
u02648,Animacion,357
u02649,Documental,307
u02650,Terror,247
u02651,Drama,367
u02652,Romance,36
u02653,Comedia,132
u02654,Terror,469
u02655,Terror,14
u02656,Accion,426
u02657,Romance,268
u02658,Terror,404
u02659,Documental,482
u02660,Terror,199
u02661,Drama,204
u02662,CienciaFiccion,231
u02663,Terror,325
u02664,Animacion,130
u02665,Terror,386
u02666,Documental,380
u02667,Comedia,316
u02668,CienciaFiccion,499
u02669,Animacion,467
u02670,Documental,303
u02671,Romance,145
u02672,Terror,347
u02673,Romance,398
u02674,Drama,363
u02675,Comedia,183
u02676,Romance,199
u02677,Terror,452
u02678,CienciaFiccion,379
u02679,Drama,349
u02680,CienciaFiccion,474
u02681,Drama,357
u02682,Romance,8
u02683,Animacion,161
u02684,Drama,183
u02685,Animacion,32
u02686,Comedia,361
u02687,Romance,29
u02688,Documental,400
u02689,CienciaFiccion,51
u02690,Documental,298
u02691,Comedia,496
u02692,Drama,481
u02693,CienciaFiccion,379
u02694,Documental,310
u02695,Drama,227
u02696,Comedia,60
u02697,Accion,104
u02698,Romance,127
u02699,Comedia,189
u02700,Terror,56
u02701,Accion,261
u02702,Drama,380
u02703,Terror,334
u02704,Drama,231
u02705,Terror,342
u02706,Terror,106
u02707,Animacion,382
u02708,Animacion,279
u02709,Accion,216
u02710,Documental,265
u02711,Comedia,320
u02712,Romance,112
u02713,CienciaFiccion,179
u02714,Terror,243
u02715,Terror,229
u02716,Documental,292
u02717,Accion,142
u02718,Terror,486
u02719,Animacion,182
u02720,Drama,105
u02721,Romance,300
u02722,Romance,449
u02723,Documental,252
u02724,Drama,397
u02725,Drama,231
u02726,Accion,231
u02727,Documental,92
u02728,Animacion,124
u02729,Documental,278
u02730,Animacion,425
u02731,CienciaFiccion,345
u02732,Romance,335
u02733,Terror,220
u02734,Drama,492
u02735,CienciaFiccion,283
u02736,Animacion,122
u02737,Terror,367
u02738,Terror,282
u02739,Drama,209
u02740,Comedia,315
u02741,Documental,438
u02742,Comedia,240
u02743,Accion,444
u02744,Drama,372
u02745,Drama,280
u02746,Terror,420
u02747,Comedia,249
u02748,Animacion,15
u02749,CienciaFiccion,213
u02750,Romance,80
u02751,Terror,376
u02752,Animacion,218
u02753,Drama,156
u02754,Animacion,56
u02755,Drama,130
u02756,Drama,109
u02757,CienciaFiccion,461
u02758,CienciaFiccion,299
u02759,Documental,74
u02760,CienciaFiccion,148
u02761,Drama,46
u02762,Comedia,204
u02763,Romance,240
u02764,CienciaFiccion,65
u02765,Documental,73
u02766,Accion,261
u02767,Documental,116
u02768,Comedia,225
u02769,Animacion,268
u02770,Comedia,106
u02771,Terror,83
u02772,Romance,42
u02773,Documental,109
u02774,CienciaFiccion,255
u02775,Accion,431
u02776,Romance,105
u02777,Terror,368
u02778,Terror,346
u02779,Romance,126
u02780,Documental,79
u02781,Documental,281
u02782,Accion,272
u02783,Accion,268
u02784,Romance,472
u02785,Documental,254
u02786,Comedia,144
u02787,Comedia,138
u02788,Documental,31
u02789,Accion,481
u02790,Terror,489
u02791,Accion,176
u02792,CienciaFiccion,274
u02793,Drama,166
u02794,Comedia,320
u02795,Accion,114
u02796,Drama,427
u02797,Accion,498
u02798,Accion,148
u02799,Romance,140
u02800,CienciaFiccion,421
u02801,Drama,229
u02802,Drama,204
u02803,Drama,473
u02804,CienciaFiccion,241
u02805,Romance,447
u02806,Comedia,381
u02807,Romance,426
u02808,Drama,312
u02809,Animacion,460
u02810,Terror,462
u02811,Comedia,249
u02812,Accion,269
u02813,Comedia,24
u02814,Animacion,358
u02815,Drama,115
u02816,CienciaFiccion,281
u02817,Animacion,256
u02818,Documental,9
u02819,Romance,434
u02820,Comedia,424
u02821,Accion,106
u02822,Terror,218
u02823,Terror,139
u02824,Romance,90
u02825,Drama,207
u02826,Comedia,316
u02827,CienciaFiccion,211
u02828,Accion,314
u02829,Comedia,391
u02830,Romance,347
u02831,Romance,35
u02832,Comedia,235
u02833,CienciaFiccion,259
u02834,Romance,438
u02835,Animacion,278
u02836,Romance,221
u02837,Documental,181
u02838,Accion,190
u02839,Comedia,431
u02840,Drama,346
u02841,Animacion,164
u02842,CienciaFiccion,22
u02843,Documental,467
u02844,Animacion,213
u02845,Animacion,3
u02846,Documental,338
u02847,Drama,22
u02848,Accion,129
u02849,Romance,309
u02850,Accion,91
u02851,CienciaFiccion,222
u02852,Documental,358
u02853,Accion,467
u02854,Comedia,287
u02855,Comedia,480
u02856,Comedia,475
u02857,Terror,483
u02858,Comedia,94
u02859,Drama,398
u02860,Accion,109
u02861,Comedia,253
u02862,Comedia,173
u02863,Terror,1
u02864,Accion,212
u02865,Terror,275
u02866,Romance,225
u02867,Animacion,152
u02868,Accion,189
u02869,Romance,133
u02870,Animacion,415
u02871,Romance,209
u02872,Animacion,410
u02873,Drama,271
u02874,Animacion,61
u02875,Accion,29
u02876,Romance,371
u02877,Animacion,61
u02878,Accion,112
u02879,Animacion,195
u02880,Romance,375
u02881,CienciaFiccion,409
u02882,Romance,316
u02883,Drama,133
u02884,Romance,223
u02885,Documental,299
u02886,Comedia,469
u02887,Romance,294
u02888,CienciaFiccion,97
u02889,Animacion,266
u02890,Drama,139
u02891,Terror,385
u02892,Terror,67
u02893,Animacion,307
u02894,CienciaFiccion,264
u02895,Accion,1
u02896,Terror,80
u02897,Terror,447
u02898,Comedia,452
u02899,Romance,11
u02900,Animacion,230
u02901,CienciaFiccion,295
u02902,Drama,93
u02903,Animacion,223
u02904,Accion,2
u02905,Romance,250
u02906,CienciaFiccion,436
u02907,Drama,423
u02908,Documental,174
u02909,CienciaFiccion,407
u02910,Comedia,305
u02911,Documental,133
u02912,Comedia,40
u02913,Drama,33
u02914,Terror,420
u02915,Terror,426
u02916,Animacion,271
u02917,Drama,484
u02918,CienciaFiccion,260
u02919,CienciaFiccion,348
u02920,Comedia,385
u02921,Terror,263
u02922,CienciaFiccion,52
u02923,Animacion,165
u02924,Terror,273
u02925,Terror,395
u02926,Accion,454
u02927,Accion,279
u02928,Accion,261
u02929,Terror,486
u02930,CienciaFiccion,174
u02931,Documental,304
u02932,Romance,451
u02933,Animacion,144
u02934,Drama,330
u02935,Romance,381
u02936,Drama,302
u02937,CienciaFiccion,375
u02938,Drama,189
u02939,CienciaFiccion,403
u02940,Drama,458
u02941,Drama,87
u02942,Comedia,423
u02943,Terror,150
u02944,CienciaFiccion,170
u02945,Documental,95
u02946,Comedia,262
u02947,Comedia,195
u02948,Accion,352
u02949,Documental,115
u02950,CienciaFiccion,12
u02951,Drama,294
u02952,Drama,365
u02953,Comedia,497
u02954,Documental,248
u02955,CienciaFiccion,47
u02956,Documental,262
u02957,Romance,123
u02958,Animacion,24
u02959,Romance,492
u02960,Romance,98
u02961,Romance,87
u02962,Terror,484
u02963,Drama,238
u02964,Terror,193
u02965,Drama,162
u02966,Documental,389
u02967,Comedia,381
u02968,Comedia,402
u02969,Terror,472
u02970,Comedia,347
u02971,Romance,166
u02972,Documental,308
u02973,Comedia,122
u02974,Comedia,243
u02975,Romance,197
u02976,Comedia,402
u02977,Romance,318
u02978,Terror,219
u02979,Comedia,251
u02980,Drama,280
u02981,Terror,192
u02982,Comedia,246
u02983,Accion,147
u02984,Documental,48
u02985,CienciaFiccion,209
u02986,Animacion,465
u02987,Animacion,117
u02988,Documental,271
u02989,Terror,33
u02990,Comedia,238
u02991,Accion,176
u02992,Animacion,488
u02993,Animacion,426
u02994,Romance,167
u02995,Animacion,377
u02996,Accion,180
u02997,Documental,400
u02998,Documental,190
u02999,Comedia,180
u03000,Animacion,177
u03001,Drama,24
u03002,Romance,397
u03003,Accion,170
u03004,Accion,79
u03005,Animacion,464
u03006,Drama,208
u03007,Comedia,496
u03008,CienciaFiccion,144
u03009,CienciaFiccion,10
u03010,CienciaFiccion,148
u03011,Terror,355
u03012,Romance,443
u03013,Accion,135
u03014,Terror,75
u03015,Documental,377
u03016,Animacion,419
u03017,Animacion,58
u03018,Romance,98
u03019,Documental,165
u03020,Documental,376
u03021,Accion,325
u03022,Romance,263
u03023,Comedia,35
u03024,Romance,456
u03025,Accion,96
u03026,Terror,408
u03027,CienciaFiccion,446
u03028,Comedia,320
u03029,Drama,220
u03030,Animacion,301
u03031,CienciaFiccion,8
u03032,Accion,464
u03033,Romance,111
u03034,Terror,267
u03035,Drama,113
u03036,Terror,185
u03037,Animacion,494
u03038,Terror,68
u03039,Romance,147
u03040,Drama,259
u03041,CienciaFiccion,409
u03042,CienciaFiccion,265
u03043,Drama,307
u03044,Animacion,6
u03045,Accion,290
u03046,Documental,386
u03047,Accion,305
u03048,Terror,186
u03049,Drama,337
u03050,Accion,220
u03051,CienciaFiccion,438
u03052,Comedia,2
u03053,Romance,233
u03054,Animacion,399
u03055,Animacion,300
u03056,CienciaFiccion,388
u03057,Animacion,118
u03058,Drama,71
u03059,Romance,148
u03060,Terror,428
u03061,Terror,141
u03062,Documental,58
u03063,Terror,398
u03064,Romance,318
u03065,Animacion,416
u03066,Romance,171
u03067,Comedia,203
u03068,Accion,376
u03069,Accion,129
u03070,Comedia,139
u03071,Drama,500
u03072,Terror,185
u03073,Comedia,245
u03074,Animacion,269
u03075,Accion,401
u03076,Romance,285
u03077,CienciaFiccion,404
u03078,Accion,352
u03079,Comedia,473
u03080,Accion,55
u03081,Comedia,445
u03082,Romance,18
u03083,Animacion,218
u03084,Comedia,71
u03085,CienciaFiccion,355
u03086,Documental,381
u03087,Terror,288
u03088,Comedia,33
u03089,Animacion,192
u03090,Comedia,288
u03091,Documental,126
u03092,Documental,158
u03093,Romance,140
u03094,CienciaFiccion,337
u03095,Terror,88
u03096,Documental,155
u03097,Terror,483
u03098,CienciaFiccion,257
u03099,Drama,116
u03100,Documental,210
u03101,Animacion,377
u03102,Drama,186
u03103,Animacion,230
u03104,CienciaFiccion,306
u03105,Comedia,346
u03106,Terror,9
u03107,CienciaFiccion,52
u03108,Documental,317
u03109,Terror,44
u03110,Drama,63
u03111,CienciaFiccion,249
u03112,Terror,96
u03113,CienciaFiccion,167
u03114,Animacion,488
u03115,Documental,386
u03116,Terror,487
u03117,Drama,156
u03118,Romance,233
u03119,Comedia,98
u03120,Drama,130
u03121,Terror,24
u03122,Documental,444
u03123,Drama,479
u03124,Accion,198
u03125,Accion,371
u03126,Terror,109
u03127,Terror,176
u03128,Drama,225
u03129,Documental,68
u03130,Accion,282
u03131,Comedia,477
u03132,Drama,301
u03133,Animacion,190
u03134,Documental,271
u03135,Accion,294
u03136,Accion,254
u03137,Comedia,138
u03138,Accion,204
u03139,Comedia,365
u03140,Comedia,354
u03141,Terror,220
u03142,Comedia,359
u03143,Terror,405
u03144,Documental,460
u03145,Documental,103
u03146,CienciaFiccion,354
u03147,Accion,134
u03148,Animacion,11
u03149,CienciaFiccion,426
u03150,Accion,127
u03151,Animacion,406
u03152,Accion,36
u03153,Terror,44
u03154,Terror,151
u03155,Comedia,319
u03156,Drama,224
u03157,Accion,46
u03158,Documental,499
u03159,Documental,52
u03160,Animacion,345
u03161,Terror,260
u03162,Animacion,344
u03163,CienciaFiccion,490
u03164,Accion,431
u03165,Comedia,471
u03166,Romance,257
u03167,Accion,245
u03168,Documental,324
u03169,Accion,329
u03170,Romance,146
u03171,Accion,144
u03172,Romance,378
u03173,Comedia,149
u03174,Drama,433
u03175,Terror,348
u03176,Drama,112
u03177,Terror,466
u03178,Accion,74
u03179,Terror,352
u03180,Documental,45
u03181,CienciaFiccion,57
u03182,Terror,96
u03183,Documental,134
u03184,Documental,333
u03185,Animacion,97
u03186,CienciaFiccion,318
u03187,Documental,38
u03188,Animacion,452
u03189,Animacion,88
u03190,Romance,376
u03191,Accion,80
u03192,Terror,415
u03193,Animacion,252
u03194,Romance,229
u03195,Comedia,244
u03196,Comedia,475
u03197,Romance,137
u03198,Drama,458
u03199,Drama,42
u03200,Drama,13
u03201,Drama,123
u03202,Accion,436
u03203,CienciaFiccion,230
u03204,Documental,58
u03205,Animacion,486
u03206,Animacion,235
u03207,Terror,432
u03208,Animacion,160
u03209,Romance,419
u03210,Documental,251
u03211,Terror,63
u03212,CienciaFiccion,499
u03213,Drama,119
u03214,Romance,288
u03215,Accion,168
u03216,Animacion,474
u03217,Documental,89
u03218,Animacion,5
u03219,Animacion,98
u03220,Animacion,471
u03221,Animacion,345
u03222,Romance,107
u03223,CienciaFiccion,45
u03224,Terror,404
u03225,Animacion,458
u03226,Comedia,253
u03227,Drama,195
u03228,Drama,151
u03229,Terror,127
u03230,Romance,454
u03231,Comedia,470
u03232,Drama,145
u03233,Comedia,195
u03234,Documental,384
u03235,Documental,312
u03236,Romance,265
u03237,Accion,147
u03238,Comedia,127
u03239,CienciaFiccion,453
u03240,Romance,45
u03241,Drama,77
u03242,CienciaFiccion,456
u03243,Accion,460
u03244,Documental,264
u03245,Comedia,485
u03246,Drama,495
u03247,Drama,373
u03248,Accion,254
u03249,Terror,353
u03250,Comedia,393
u03251,CienciaFiccion,460
u03252,Terror,219
u03253,CienciaFiccion,212
u03254,Comedia,217
u03255,Terror,169
u03256,Romance,325
u03257,Accion,312
u03258,Romance,8
u03259,Drama,29
u03260,Terror,460
u03261,Animacion,268
u03262,Documental,384
u03263,Romance,390
u03264,Accion,376
u03265,Documental,487
u03266,Drama,447
u03267,Romance,387
u03268,Accion,245
u03269,CienciaFiccion,475
u03270,Documental,248
u03271,Romance,382
u03272,Terror,473
u03273,Documental,415
u03274,Documental,89
u03275,Documental,409
u03276,Drama,150
u03277,Terror,232
u03278,Animacion,98
u03279,Animacion,391
u03280,Animacion,387
u03281,Terror,437
u03282,Romance,151
u03283,Terror,458
u03284,Documental,353
u03285,Comedia,52
u03286,Drama,232
u03287,Documental,487
u03288,Romance,363
u03289,CienciaFiccion,327
u03290,Comedia,491
u03291,Documental,348
u03292,Animacion,308
u03293,Drama,461
u03294,Animacion,338
u03295,Comedia,268
u03296,Accion,473
u03297,Drama,461
u03298,Accion,417
u03299,Drama,371
u03300,CienciaFiccion,373
u03301,Documental,425
u03302,Drama,204
u03303,Comedia,347
u03304,Accion,430
u03305,Accion,332
u03306,Romance,140
u03307,Romance,75
u03308,Accion,359
u03309,Comedia,437
u03310,Comedia,73
u03311,Comedia,75
u03312,Animacion,475
u03313,Romance,172
u03314,Terror,2
u03315,CienciaFiccion,196
u03316,CienciaFiccion,126
u03317,Terror,211
u03318,Romance,462
u03319,Accion,486
u03320,CienciaFiccion,83
u03321,Terror,63
u03322,Terror,377
u03323,Animacion,2
u03324,Comedia,338
u03325,Terror,300
u03326,CienciaFiccion,39
u03327,Drama,49
u03328,Romance,494
u03329,Documental,168
u03330,Romance,432
u03331,Comedia,86
u03332,Animacion,145
u03333,Drama,68
u03334,Terror,211
u03335,CienciaFiccion,235
u03336,CienciaFiccion,87
u03337,Animacion,222
u03338,Drama,333
u03339,Animacion,317
u03340,Animacion,39
u03341,Animacion,247
u03342,Drama,27
u03343,Drama,486
u03344,Animacion,242
u03345,CienciaFiccion,398
u03346,Drama,148
u03347,Accion,379
u03348,Drama,472
u03349,Animacion,143
u03350,Accion,74
u03351,CienciaFiccion,494
u03352,Terror,371
u03353,Animacion,334
u03354,Drama,489
u03355,Romance,210
u03356,Documental,498
u03357,Documental,335
u03358,Comedia,5
u03359,Romance,457
u03360,Accion,310
u03361,CienciaFiccion,386
u03362,Accion,426
u03363,Terror,26
u03364,Comedia,322
u03365,Comedia,271
u03366,Romance,198
u03367,Romance,429
u03368,Accion,463
u03369,Terror,370
u03370,CienciaFiccion,327
u03371,Romance,315
u03372,Animacion,240
u03373,Documental,16
u03374,Documental,260
u03375,Documental,101
u03376,Documental,150
u03377,Accion,378
u03378,Comedia,406
u03379,Documental,210
u03380,Comedia,47
u03381,Drama,172
u03382,CienciaFiccion,176
u03383,Terror,275
u03384,Drama,484
u03385,Drama,39
u03386,Terror,58
u03387,CienciaFiccion,358
u03388,Comedia,490
u03389,Drama,150
u03390,CienciaFiccion,423
u03391,Comedia,170
u03392,Comedia,342
u03393,Drama,488
u03394,Terror,62
u03395,Animacion,439
u03396,Animacion,216
u03397,Documental,105
u03398,Accion,69
u03399,Romance,13
u03400,Drama,470
u03401,Accion,425
u03402,Animacion,321
u03403,Accion,384
u03404,CienciaFiccion,226
u03405,Romance,448
u03406,Drama,311
u03407,Comedia,214
u03408,Terror,245
u03409,CienciaFiccion,319
u03410,Comedia,469
u03411,Accion,230
u03412,Romance,366
u03413,Documental,326
u03414,CienciaFiccion,282
u03415,Comedia,221
u03416,Terror,266
u03417,Documental,240
u03418,Accion,93
u03419,Animacion,168
u03420,CienciaFiccion,481
u03421,CienciaFiccion,465
u03422,Terror,296
u03423,Animacion,349
u03424,Terror,446
u03425,Romance,61
u03426,Terror,6
u03427,Accion,283
u03428,CienciaFiccion,54
u03429,Drama,373
u03430,Terror,330
u03431,Drama,391
u03432,CienciaFiccion,189
u03433,Accion,27
u03434,Terror,475
u03435,Drama,162
u03436,Documental,194
u03437,Documental,482
u03438,Comedia,408
u03439,Animacion,125
u03440,Accion,434
u03441,CienciaFiccion,69
u03442,Animacion,283
u03443,Romance,143
u03444,Drama,147
u03445,Terror,100
u03446,Romance,68
u03447,Comedia,247
u03448,CienciaFiccion,403
u03449,Documental,419
u03450,Accion,160
u03451,Documental,355
u03452,CienciaFiccion,162
u03453,Animacion,110
u03454,CienciaFiccion,85
u03455,Drama,77
u03456,Animacion,147
u03457,Accion,325
u03458,Romance,445
u03459,Accion,107
u03460,Drama,351
u03461,Romance,336
u03462,Terror,40
u03463,CienciaFiccion,428
u03464,Drama,123
u03465,Terror,293
u03466,Comedia,23
u03467,Animacion,155
u03468,Comedia,100
u03469,Accion,404
u03470,Accion,155
u03471,Drama,389
u03472,Animacion,343
u03473,Comedia,327
u03474,Animacion,236
u03475,Animacion,423
u03476,Drama,355
u03477,Terror,383
u03478,Accion,426
u03479,Comedia,21
u03480,Terror,367
u03481,Accion,91
u03482,Drama,333
u03483,Comedia,339
u03484,Terror,91
u03485,Documental,477
u03486,Accion,469
u03487,Documental,482
u03488,Comedia,85
u03489,Documental,359
u03490,Animacion,116
u03491,Drama,213
u03492,Documental,367
u03493,Comedia,150
u03494,Comedia,423
u03495,Documental,408
u03496,Comedia,269
u03497,Terror,391
u03498,Drama,233
u03499,Drama,19
u03500,Documental,72
u03501,Romance,474
u03502,Romance,167
u03503,Accion,29
u03504,Terror,380
u03505,Romance,411
u03506,Drama,449
u03507,Terror,362
u03508,Comedia,163
u03509,Accion,345
u03510,Documental,207
u03511,Terror,250
u03512,Documental,301
u03513,Terror,195
u03514,Drama,83
u03515,Drama,489
u03516,Drama,459
u03517,Romance,317
u03518,Animacion,282
u03519,Documental,345
u03520,Terror,212
u03521,Drama,334
u03522,Romance,224
u03523,Animacion,288
u03524,Documental,467
u03525,CienciaFiccion,448
u03526,Drama,447
u03527,Animacion,445
u03528,Animacion,29
u03529,Terror,1
u03530,Drama,206
u03531,Comedia,194
u03532,Accion,389
u03533,Drama,143
u03534,Romance,152
u03535,CienciaFiccion,343
u03536,Romance,436
u03537,Drama,432
u03538,Romance,411
u03539,Accion,204
u03540,Drama,44
u03541,Romance,185
u03542,Documental,290
u03543,Drama,210
u03544,Romance,183
u03545,Comedia,140
u03546,Accion,422
u03547,Documental,137
u03548,Terror,30
u03549,Terror,302
u03550,Drama,36
u03551,Terror,339
u03552,Documental,123
u03553,Documental,269
u03554,Drama,182
u03555,Documental,351
u03556,Drama,43
u03557,Drama,23
u03558,Animacion,282
u03559,Terror,58
u03560,Accion,2
u03561,Documental,15
u03562,Accion,90
u03563,Drama,244
u03564,Documental,355
u03565,Romance,397
u03566,Accion,323
u03567,Accion,277
u03568,Terror,174
u03569,CienciaFiccion,302
u03570,CienciaFiccion,25
u03571,Documental,359
u03572,Accion,202
u03573,CienciaFiccion,232
u03574,Terror,346
u03575,Animacion,332
u03576,CienciaFiccion,271
u03577,Comedia,29
u03578,CienciaFiccion,442
u03579,Terror,57
u03580,CienciaFiccion,168
u03581,Drama,105
u03582,Documental,120
u03583,Romance,284
u03584,Drama,129
u03585,Terror,10
u03586,Accion,73
u03587,Accion,133
u03588,Romance,63
u03589,Animacion,8
u03590,Romance,309
u03591,Animacion,457
u03592,Documental,410
u03593,Accion,334
u03594,Animacion,203
u03595,Accion,233
u03596,Drama,38
u03597,CienciaFiccion,336
u03598,Comedia,344
u03599,Romance,368
u03600,Accion,46
u03601,Documental,208
u03602,Animacion,115
u03603,Terror,361
u03604,Accion,31
u03605,Terror,412
u03606,Drama,134
u03607,Accion,300
u03608,Terror,200
u03609,Romance,242
u03610,Romance,172
u03611,Comedia,261
u03612,Drama,160
u03613,Accion,211
u03614,Romance,217
u03615,Animacion,330
u03616,Drama,293
u03617,Romance,439
u03618,Animacion,122
u03619,Animacion,151
u03620,Romance,477
u03621,Accion,305
u03622,Drama,109
u03623,Accion,404
u03624,Romance,344
u03625,Documental,281
u03626,Drama,71
u03627,Animacion,409
u03628,CienciaFiccion,182
u03629,CienciaFiccion,221
u03630,Documental,24
u03631,Romance,277
u03632,Drama,42
u03633,Accion,359
u03634,Terror,441
u03635,Terror,353
u03636,Accion,199
u03637,Documental,112
u03638,Terror,18
u03639,Documental,469
u03640,Accion,441
u03641,Animacion,49
u03642,Accion,277
u03643,Documental,236
u03644,Animacion,473
u03645,Documental,270
u03646,Documental,131
u03647,Documental,485
u03648,Comedia,11
u03649,Animacion,392
u03650,Comedia,460
u03651,Comedia,214
u03652,Animacion,1
u03653,Drama,490
u03654,Comedia,325
u03655,CienciaFiccion,326
u03656,Animacion,424
u03657,Accion,182
u03658,Comedia,150
u03659,Accion,415
u03660,Terror,449
u03661,Drama,164
u03662,Terror,116
u03663,Comedia,374
u03664,Documental,38
u03665,Terror,147
u03666,Comedia,169
u03667,Accion,206
u03668,Accion,97
u03669,Animacion,77
u03670,Terror,341
u03671,Romance,233
u03672,Romance,210
u03673,Comedia,53
u03674,Drama,135
u03675,Romance,247
u03676,Drama,177
u03677,CienciaFiccion,428
u03678,Romance,376
u03679,Terror,321
u03680,Terror,492
u03681,Drama,275
u03682,Animacion,155
u03683,Documental,409
u03684,Accion,90
u03685,Accion,373
u03686,Comedia,415
u03687,Terror,85
u03688,Comedia,36
u03689,Animacion,355
u03690,Animacion,259
u03691,CienciaFiccion,30
u03692,Documental,452
u03693,Terror,67
u03694,Accion,376
u03695,Drama,217
u03696,Documental,313
u03697,Terror,93
u03698,Comedia,60
u03699,Documental,26
u03700,Drama,59
u03701,Romance,143
u03702,Animacion,117
u03703,Accion,436
u03704,CienciaFiccion,173
u03705,Documental,331
u03706,Comedia,27
u03707,Documental,342
u03708,CienciaFiccion,94
u03709,Romance,431
u03710,Animacion,49
u03711,Romance,21
u03712,Terror,308
u03713,Romance,226
u03714,Accion,191
u03715,CienciaFiccion,283
u03716,Drama,310
u03717,Terror,96
u03718,Accion,424
u03719,Terror,437
u03720,Terror,332
u03721,CienciaFiccion,439
u03722,Drama,473
u03723,Documental,99
u03724,CienciaFiccion,211
u03725,Documental,299
u03726,Romance,274
u03727,Drama,14
u03728,Romance,489
u03729,Terror,195
u03730,Terror,388
u03731,Romance,101
u03732,CienciaFiccion,30
u03733,Documental,266
u03734,Documental,358
u03735,Terror,183
u03736,Drama,2
u03737,Comedia,159
u03738,Comedia,310
u03739,Romance,146
u03740,CienciaFiccion,146
u03741,Drama,170
u03742,Romance,107
u03743,CienciaFiccion,396
u03744,Accion,153
u03745,Comedia,188
u03746,Terror,82
u03747,Romance,371
u03748,Terror,68
u03749,Animacion,314
u03750,Romance,47
u03751,Terror,196
u03752,Drama,223
u03753,Animacion,43
u03754,Animacion,72
u03755,Accion,35
u03756,CienciaFiccion,321
u03757,Accion,123
u03758,Accion,429
u03759,Comedia,220
u03760,Romance,378
u03761,CienciaFiccion,3
u03762,Animacion,61
u03763,Drama,110
u03764,Animacion,343
u03765,Accion,333
u03766,Comedia,16
u03767,Documental,221
u03768,Accion,6
u03769,Comedia,43
u03770,Accion,295
u03771,Drama,321
u03772,Terror,1
u03773,Romance,197
u03774,Comedia,482
u03775,Drama,283
u03776,Romance,208
u03777,Terror,375
u03778,Animacion,433
u03779,Terror,363
u03780,Comedia,282
u03781,Comedia,371
u03782,Animacion,135
u03783,Drama,306
u03784,Terror,92
u03785,Documental,318
u03786,Accion,108
u03787,Accion,329
u03788,Romance,335
u03789,CienciaFiccion,324
u03790,Accion,411
u03791,Accion,490
u03792,Drama,360
u03793,Drama,463
u03794,CienciaFiccion,402
u03795,Documental,169
u03796,Documental,249
u03797,Terror,17
u03798,Comedia,86
u03799,Accion,201
u03800,CienciaFiccion,141
u03801,Comedia,401
u03802,Accion,35
u03803,CienciaFiccion,243
u03804,Terror,107
u03805,Comedia,209
u03806,Accion,89
u03807,Terror,93
u03808,Drama,303
u03809,Animacion,137
u03810,CienciaFiccion,220
u03811,CienciaFiccion,33
u03812,Comedia,20
u03813,Drama,200
u03814,Documental,379
u03815,Documental,268
u03816,Comedia,258
u03817,Terror,151
u03818,Romance,224
u03819,Romance,279
u03820,Comedia,353
u03821,Romance,334
u03822,Romance,346
u03823,Documental,390
u03824,Comedia,435
u03825,Terror,198
u03826,CienciaFiccion,138
u03827,Terror,74
u03828,Documental,499
u03829,Drama,265
u03830,Drama,85
u03831,Terror,310
u03832,Comedia,23
u03833,Terror,94
u03834,Drama,458
u03835,Romance,18
u03836,Drama,197
u03837,Accion,264
u03838,Terror,456
u03839,Documental,371
u03840,Animacion,450
u03841,Documental,121
u03842,Documental,445
u03843,Animacion,42
u03844,Terror,24
u03845,Documental,76
u03846,Terror,404
u03847,Documental,196
u03848,CienciaFiccion,119
u03849,Terror,495
u03850,Accion,120
u03851,Romance,171
u03852,Animacion,146
u03853,Documental,379
u03854,Comedia,100
u03855,Documental,29
u03856,Drama,349
u03857,Accion,393
u03858,Terror,73
u03859,Drama,290
u03860,Romance,431
u03861,Romance,133
u03862,Drama,6
u03863,Animacion,368
u03864,Documental,470
u03865,Accion,244
u03866,Romance,355
u03867,Comedia,135
u03868,CienciaFiccion,265
u03869,Animacion,406
u03870,CienciaFiccion,340
u03871,Romance,313
u03872,Accion,246
u03873,Terror,15
u03874,CienciaFiccion,8
u03875,Romance,113
u03876,Accion,378
u03877,Terror,432
u03878,Accion,267
u03879,Terror,305
u03880,Documental,102
u03881,Documental,416
u03882,Documental,161
u03883,Comedia,436
u03884,Animacion,77
u03885,Accion,430
u03886,Romance,204
u03887,CienciaFiccion,145
u03888,CienciaFiccion,68
u03889,CienciaFiccion,301
u03890,Romance,411
u03891,CienciaFiccion,142
u03892,CienciaFiccion,408
u03893,Romance,71
u03894,Romance,155
u03895,Comedia,266
u03896,CienciaFiccion,189
u03897,CienciaFiccion,416
u03898,Documental,19
u03899,Accion,224
u03900,Terror,48
u03901,Comedia,298
u03902,CienciaFiccion,301
u03903,CienciaFiccion,327
u03904,Comedia,322
u03905,Comedia,169
u03906,Animacion,314
u03907,Documental,79
u03908,Terror,478
u03909,Animacion,100
u03910,Animacion,179
u03911,Animacion,267
u03912,Documental,136
u03913,Terror,219
u03914,Comedia,143
u03915,Animacion,211
u03916,Comedia,470
u03917,Comedia,438
u03918,Comedia,386
u03919,Comedia,103
u03920,Terror,24
u03921,Terror,208
u03922,Documental,129
u03923,CienciaFiccion,235
u03924,Documental,120
u03925,Terror,308
u03926,Comedia,229
u03927,Terror,487
u03928,Comedia,147
u03929,Romance,357
u03930,Drama,121
u03931,Terror,363
u03932,Documental,127
u03933,Accion,214
u03934,Terror,217
u03935,Documental,190
u03936,Comedia,403
u03937,Animacion,91
u03938,Comedia,455
u03939,Comedia,403
u03940,Comedia,236
u03941,Documental,358
u03942,Accion,284
u03943,Romance,230
u03944,Animacion,240
u03945,Documental,118
u03946,Documental,210
u03947,Romance,201
u03948,Comedia,254
u03949,Terror,217
u03950,Terror,400
u03951,Accion,233
u03952,Terror,147
u03953,Animacion,431
u03954,Documental,299
u03955,CienciaFiccion,49
u03956,Comedia,150
u03957,CienciaFiccion,166
u03958,Romance,102
u03959,Documental,396
u03960,Animacion,236
u03961,Drama,83
u03962,Romance,499
u03963,Drama,181
u03964,Comedia,284
u03965,Comedia,150
u03966,Animacion,1
u03967,Terror,211
u03968,Animacion,267
u03969,Comedia,323
u03970,Drama,373
u03971,Romance,373
u03972,Accion,144
u03973,Romance,394
u03974,CienciaFiccion,101
u03975,Romance,334
u03976,Accion,352
u03977,Accion,23
u03978,Comedia,280
u03979,Romance,42
u03980,Terror,249
u03981,Comedia,360
u03982,Documental,423
u03983,Terror,483
u03984,Animacion,357
u03985,Accion,146
u03986,Documental,189
u03987,Comedia,383
u03988,CienciaFiccion,478
u03989,Accion,62
u03990,Romance,273
u03991,Romance,398
u03992,Documental,267
u03993,Romance,402
u03994,CienciaFiccion,472
u03995,Comedia,126
u03996,Romance,414
u03997,Romance,462
u03998,Terror,55
u03999,Animacion,453
u04000,CienciaFiccion,419
u04001,Accion,150
u04002,Terror,450
u04003,Accion,400
u04004,Documental,60
u04005,CienciaFiccion,386
u04006,Accion,432
u04007,Documental,269
u04008,CienciaFiccion,494
u04009,CienciaFiccion,466
u04010,Documental,73
u04011,Drama,84
u04012,Terror,12
u04013,Documental,285
u04014,Comedia,336
u04015,Accion,352
u04016,Terror,282
u04017,Romance,291
u04018,CienciaFiccion,305
u04019,CienciaFiccion,261
u04020,Animacion,475
u04021,Accion,194
u04022,Animacion,19
u04023,Accion,116
u04024,Drama,204
u04025,Animacion,287
u04026,Drama,396
u04027,Terror,94
u04028,Accion,412
u04029,Accion,34
u04030,CienciaFiccion,355
u04031,Accion,174
u04032,Animacion,198
u04033,Documental,167
u04034,Documental,50
u04035,Animacion,206
u04036,Documental,37
u04037,Accion,363
u04038,Romance,65
u04039,CienciaFiccion,37
u04040,Accion,414
u04041,Documental,233
u04042,Comedia,44
u04043,Accion,195
u04044,Documental,102
u04045,Comedia,233
u04046,Drama,438
u04047,Documental,337
u04048,CienciaFiccion,98
u04049,Animacion,204
u04050,Documental,472
u04051,Documental,460
u04052,CienciaFiccion,122
u04053,Romance,492
u04054,Terror,121
u04055,Romance,247
u04056,Romance,382
u04057,Documental,384
u04058,Documental,45
u04059,Romance,371
u04060,Accion,465
u04061,Drama,310
u04062,Terror,196
u04063,Animacion,347
u04064,Terror,200
u04065,Accion,171
u04066,Documental,229
u04067,Romance,289
u04068,Terror,397
u04069,Comedia,201
u04070,CienciaFiccion,255
u04071,Documental,296
u04072,Accion,107
u04073,Drama,211
u04074,Animacion,71
u04075,CienciaFiccion,204
u04076,Animacion,262
u04077,Animacion,417
u04078,Drama,132
u04079,Animacion,470
u04080,CienciaFiccion,491
u04081,CienciaFiccion,336
u04082,Drama,290
u04083,Terror,393
u04084,Documental,308
u04085,Accion,462
u04086,Documental,228
u04087,Romance,352
u04088,Comedia,47
u04089,Drama,145
u04090,CienciaFiccion,297
u04091,Animacion,183
u04092,Animacion,299
u04093,Romance,485
u04094,Accion,294
u04095,Drama,145
u04096,Romance,191
u04097,CienciaFiccion,176
u04098,Drama,181
u04099,Documental,64
u04100,Comedia,209
u04101,Romance,102
u04102,Romance,59
u04103,CienciaFiccion,261
u04104,Accion,121
u04105,CienciaFiccion,459
u04106,Drama,273
u04107,Animacion,338
u04108,Animacion,273
u04109,CienciaFiccion,470
u04110,Romance,61
u04111,Drama,383
u04112,Romance,395
u04113,Terror,424
u04114,Drama,306
u04115,Animacion,190
u04116,Animacion,279
u04117,Terror,363
u04118,Terror,271
u04119,Romance,421
u04120,Drama,350
u04121,Drama,414
u04122,CienciaFiccion,308
u04123,Drama,185
u04124,CienciaFiccion,133
u04125,Romance,325
u04126,Drama,332
u04127,CienciaFiccion,136
u04128,Accion,20
u04129,Terror,433
u04130,Terror,485
u04131,Comedia,377
u04132,CienciaFiccion,48
u04133,Romance,185
u04134,Terror,88
u04135,CienciaFiccion,62
u04136,Comedia,35
u04137,Animacion,389
u04138,Drama,285
u04139,Accion,438
u04140,CienciaFiccion,469
u04141,Drama,56
u04142,Drama,222
u04143,Romance,365
u04144,CienciaFiccion,427
u04145,Documental,375
u04146,Romance,208
u04147,CienciaFiccion,350
u04148,Accion,58
u04149,Terror,316
u04150,Documental,121
u04151,Accion,370
u04152,Animacion,481
u04153,Accion,127
u04154,Animacion,313
u04155,Animacion,488
u04156,Romance,26
u04157,Romance,167
u04158,Drama,202
u04159,Documental,128
u04160,Comedia,226
u04161,Documental,287
u04162,Animacion,124
u04163,Accion,129
u04164,CienciaFiccion,154
u04165,Accion,211
u04166,Documental,239
u04167,Romance,265
u04168,CienciaFiccion,355
u04169,Terror,351
u04170,Terror,410
u04171,Comedia,184
u04172,Accion,19
u04173,Animacion,120
u04174,Romance,416
u04175,Accion,140
u04176,Comedia,30
u04177,Documental,339
u04178,Drama,368
u04179,Terror,356
u04180,Accion,271
u04181,CienciaFiccion,158
u04182,CienciaFiccion,223
u04183,Accion,394
u04184,Documental,269
u04185,Accion,287
u04186,Drama,498
u04187,CienciaFiccion,190
u04188,Romance,78
u04189,Terror,200
u04190,Accion,299
u04191,Animacion,295
u04192,CienciaFiccion,17
u04193,Animacion,102
u04194,Accion,177
u04195,CienciaFiccion,491
u04196,Animacion,299
u04197,CienciaFiccion,184
u04198,Romance,80
u04199,Animacion,150
u04200,Terror,384
u04201,Animacion,71
u04202,Accion,366
u04203,Drama,299
u04204,CienciaFiccion,385
u04205,Terror,471
u04206,Terror,318
u04207,Terror,326
u04208,Romance,97
u04209,Documental,202
u04210,Terror,233
u04211,Documental,233
u04212,Terror,475
u04213,CienciaFiccion,138
u04214,Animacion,458
u04215,Drama,404
u04216,Drama,114
u04217,CienciaFiccion,11
u04218,Documental,311
u04219,Romance,203
u04220,Drama,465
u04221,Accion,496
u04222,CienciaFiccion,85
u04223,Drama,41
u04224,Comedia,84
u04225,Accion,231
u04226,CienciaFiccion,310
u04227,Drama,89
u04228,Terror,262
u04229,Accion,127
u04230,Drama,10
u04231,Accion,94
u04232,Comedia,33
u04233,CienciaFiccion,384
u04234,Romance,181
u04235,Drama,316
u04236,Terror,278
u04237,CienciaFiccion,62
u04238,Comedia,196
u04239,Romance,2
u04240,CienciaFiccion,264
u04241,Romance,476
u04242,CienciaFiccion,293
u04243,Accion,199
u04244,Animacion,369
u04245,Documental,485
u04246,Animacion,20
u04247,Accion,37
u04248,CienciaFiccion,485
u04249,Terror,102
u04250,Terror,342
u04251,Drama,51
u04252,Terror,66
u04253,CienciaFiccion,111
u04254,Comedia,235
u04255,Romance,219
u04256,Accion,339
u04257,Documental,431
u04258,Romance,453
u04259,Accion,265
u04260,CienciaFiccion,222
u04261,Accion,237
u04262,Romance,131
u04263,Terror,13
u04264,Drama,123
u04265,Accion,57
u04266,CienciaFiccion,418
u04267,Comedia,467
u04268,Comedia,104
u04269,Drama,143
u04270,Accion,173
u04271,Terror,294
u04272,Terror,402
u04273,Comedia,396
u04274,Terror,475
u04275,Terror,144
u04276,Animacion,103
u04277,Romance,162
u04278,Accion,302
u04279,Accion,437
u04280,Romance,261
u04281,Drama,499
u04282,Animacion,293
u04283,Drama,251
u04284,Accion,155
u04285,Documental,155
u04286,Accion,493
u04287,Animacion,5
u04288,Accion,166
u04289,Comedia,216
u04290,Animacion,141
u04291,CienciaFiccion,488
u04292,CienciaFiccion,272
u04293,Drama,410
u04294,Animacion,283
u04295,CienciaFiccion,154
u04296,Documental,318
u04297,Comedia,194
u04298,Accion,408
u04299,CienciaFiccion,435
u04300,CienciaFiccion,405
u04301,Drama,402
u04302,Animacion,214
u04303,Comedia,374
u04304,Animacion,462
u04305,Accion,45
u04306,Terror,451
u04307,Romance,9
u04308,Comedia,208
u04309,Animacion,59
u04310,Terror,345
u04311,Terror,87
u04312,Terror,52
u04313,Accion,226
u04314,Accion,126
u04315,CienciaFiccion,62
u04316,Documental,363
u04317,Documental,236
u04318,Romance,288
u04319,Terror,167
u04320,Animacion,155
u04321,Romance,130
u04322,Comedia,263
u04323,Documental,336
u04324,CienciaFiccion,425
u04325,Comedia,149
u04326,Romance,363
u04327,Comedia,139
u04328,Romance,500
u04329,Terror,193
u04330,Comedia,16
u04331,Animacion,144
u04332,Drama,279
u04333,Comedia,487
u04334,Terror,159
u04335,Terror,132
u04336,Animacion,253
u04337,Accion,295
u04338,Animacion,357
u04339,Comedia,358
u04340,Terror,112
u04341,Drama,397
u04342,Accion,390
u04343,Comedia,388
u04344,Drama,175
u04345,Documental,320
u04346,Accion,354
u04347,Documental,363
u04348,CienciaFiccion,136
u04349,Terror,171
u04350,CienciaFiccion,255
u04351,Documental,7
u04352,CienciaFiccion,381
u04353,Romance,297
u04354,Animacion,373
u04355,Animacion,328
u04356,Romance,164
u04357,Accion,57
u04358,CienciaFiccion,280
u04359,Romance,297
u04360,Documental,113
u04361,Animacion,183
u04362,Comedia,174
u04363,Documental,454
u04364,CienciaFiccion,434
u04365,Terror,351
u04366,Terror,157
u04367,Terror,411
u04368,Comedia,319
u04369,Accion,275
u04370,Romance,32
u04371,Drama,197
u04372,CienciaFiccion,405
u04373,Terror,48
u04374,Romance,70
u04375,Comedia,50
u04376,Romance,269
u04377,Drama,70
u04378,Documental,399
u04379,Drama,295
u04380,Documental,255
u04381,Accion,331
u04382,Documental,373
u04383,Animacion,397
u04384,Romance,116
u04385,Documental,186
u04386,CienciaFiccion,341
u04387,CienciaFiccion,75
u04388,Accion,333
u04389,Romance,266
u04390,Terror,360
u04391,Romance,285
u04392,Animacion,256
u04393,CienciaFiccion,66
u04394,CienciaFiccion,31
u04395,Terror,172
u04396,Romance,279
u04397,Drama,41
u04398,Accion,24
u04399,Comedia,85
u04400,Romance,213
u04401,Terror,17
u04402,Documental,190
u04403,Terror,130
u04404,Animacion,108
u04405,Documental,122
u04406,Romance,468
u04407,Accion,279
u04408,Animacion,250
u04409,Documental,52
u04410,CienciaFiccion,331
u04411,CienciaFiccion,469
u04412,Animacion,96
u04413,Drama,447
u04414,CienciaFiccion,394
u04415,Comedia,287
u04416,Documental,150
u04417,Romance,189
u04418,CienciaFiccion,382
u04419,CienciaFiccion,498
u04420,CienciaFiccion,164
u04421,CienciaFiccion,225
u04422,Romance,271
u04423,Terror,121
u04424,CienciaFiccion,425
u04425,Terror,379
u04426,Romance,347
u04427,Comedia,459
u04428,Terror,418
u04429,Romance,20
u04430,Comedia,396
u04431,Romance,70
u04432,Terror,12
u04433,Romance,473
u04434,CienciaFiccion,406
u04435,Documental,403
u04436,Animacion,250
u04437,Documental,441
u04438,Drama,195
u04439,Drama,361
u04440,Documental,57
u04441,Drama,365
u04442,CienciaFiccion,77
u04443,Terror,395
u04444,Terror,124
u04445,Drama,35
u04446,CienciaFiccion,21
u04447,Accion,379
u04448,CienciaFiccion,353
u04449,Terror,21
u04450,Romance,162
u04451,Animacion,185
u04452,Terror,38
u04453,Animacion,43
u04454,Accion,343
u04455,Drama,342
u04456,Accion,496
u04457,CienciaFiccion,307
u04458,Comedia,317
u04459,Terror,397
u04460,Animacion,356
u04461,Documental,361
u04462,Accion,80
u04463,Accion,344
u04464,Documental,163
u04465,CienciaFiccion,433
u04466,Terror,116
u04467,CienciaFiccion,153
u04468,Comedia,84
u04469,CienciaFiccion,125
u04470,Accion,185
u04471,Romance,214
u04472,Animacion,235
u04473,Drama,180
u04474,Romance,238
u04475,Animacion,357
u04476,CienciaFiccion,196
u04477,Terror,359
u04478,Terror,134
u04479,Drama,221
u04480,Terror,192
u04481,Comedia,426
u04482,Accion,308
u04483,Drama,85
u04484,CienciaFiccion,115
u04485,Romance,384
u04486,Romance,169
u04487,Comedia,367
u04488,Terror,98
u04489,Animacion,220
u04490,Animacion,54
u04491,CienciaFiccion,23
u04492,Romance,348
u04493,Terror,75
u04494,Romance,303
u04495,Documental,432
u04496,CienciaFiccion,326
u04497,Drama,444
u04498,Drama,6
u04499,Romance,39
u04500,Drama,481
u04501,Drama,217
u04502,Documental,464
u04503,Drama,231
u04504,Terror,444
u04505,CienciaFiccion,442
u04506,Romance,199
u04507,Documental,334
u04508,Comedia,321
u04509,Comedia,159
u04510,Romance,269
u04511,Documental,197
u04512,Terror,162
u04513,Documental,184
u04514,Documental,97
u04515,Animacion,367
u04516,Documental,384
u04517,Romance,278
u04518,Drama,156
u04519,Accion,343
u04520,Animacion,443
u04521,Comedia,393
u04522,Terror,420
u04523,Terror,68
u04524,Comedia,293
u04525,Terror,327
u04526,Accion,477
u04527,Terror,381
u04528,Terror,113
u04529,Romance,477
u04530,Comedia,244
u04531,Comedia,72
u04532,Animacion,205
u04533,Drama,76
u04534,Documental,481
u04535,Drama,362
u04536,Documental,427
u04537,Animacion,403
u04538,Romance,354
u04539,Comedia,354
u04540,Documental,22
u04541,Accion,376
u04542,Comedia,166
u04543,Documental,199
u04544,CienciaFiccion,52
u04545,Drama,458
u04546,Documental,310
u04547,Animacion,497
u04548,CienciaFiccion,345
u04549,Documental,432
u04550,Comedia,235
u04551,Accion,302
u04552,Drama,435
u04553,Animacion,10
u04554,Documental,198
u04555,Comedia,358
u04556,Comedia,471
u04557,Animacion,8
u04558,Accion,45
u04559,Romance,63
u04560,CienciaFiccion,232
u04561,Drama,186
u04562,CienciaFiccion,118
u04563,CienciaFiccion,212
u04564,Accion,28
u04565,Accion,11
u04566,Animacion,498
u04567,Romance,181
u04568,Romance,346
u04569,Comedia,12
u04570,Comedia,142
u04571,Comedia,345
u04572,Romance,218
u04573,Drama,286
u04574,Animacion,444
u04575,Accion,183
u04576,CienciaFiccion,53
u04577,Terror,355
u04578,Terror,381
u04579,Romance,224
u04580,CienciaFiccion,99
u04581,Drama,58
u04582,Accion,151
u04583,Animacion,363
u04584,Terror,383
u04585,Documental,54
u04586,CienciaFiccion,185
u04587,Terror,199
u04588,CienciaFiccion,156
u04589,Animacion,3
u04590,Accion,483
u04591,Animacion,31
u04592,Romance,127
u04593,Animacion,76
u04594,Terror,304
u04595,Documental,466
u04596,Drama,345
u04597,Comedia,489
u04598,Drama,470
u04599,Animacion,246
u04600,Comedia,316
u04601,Drama,345
u04602,Comedia,288
u04603,Comedia,249
u04604,Comedia,66
u04605,Romance,396
u04606,Terror,402
u04607,Drama,366
u04608,CienciaFiccion,225
u04609,Accion,484
u04610,Documental,420
u04611,Comedia,214
u04612,Terror,93
u04613,Romance,172
u04614,Romance,21
u04615,Documental,357
u04616,Animacion,223
u04617,Comedia,278
u04618,Animacion,331
u04619,Terror,345
u04620,Accion,488
u04621,Romance,6
u04622,Accion,24
u04623,Romance,372
u04624,Comedia,469
u04625,Terror,72
u04626,Accion,401
u04627,Terror,241
u04628,Comedia,338
u04629,Animacion,108
u04630,Accion,265
u04631,Animacion,343
u04632,Drama,407
u04633,CienciaFiccion,258
u04634,Animacion,146
u04635,Documental,399
u04636,Animacion,453
u04637,Documental,64
u04638,Accion,397
u04639,Animacion,394
u04640,Documental,208
u04641,Comedia,154
u04642,Comedia,300
u04643,Comedia,52
u04644,CienciaFiccion,240
u04645,Terror,342
u04646,Documental,444
u04647,Animacion,465
u04648,Drama,209
u04649,Comedia,271
u04650,Terror,487
u04651,Romance,47
u04652,CienciaFiccion,429
u04653,Documental,281
u04654,Accion,306
u04655,CienciaFiccion,306
u04656,Accion,229
u04657,Animacion,372
u04658,Accion,354
u04659,Romance,199
u04660,Animacion,236
u04661,CienciaFiccion,52
u04662,Comedia,53
u04663,Romance,421
u04664,CienciaFiccion,305
u04665,CienciaFiccion,176
u04666,Animacion,125
u04667,Accion,35
u04668,Documental,281
u04669,Comedia,255
u04670,Documental,492
u04671,Romance,237
u04672,Romance,201
u04673,Animacion,258
u04674,CienciaFiccion,497
u04675,Documental,188
u04676,CienciaFiccion,114
u04677,Accion,378
u04678,Documental,381
u04679,Animacion,226
u04680,Terror,406
u04681,Drama,365
u04682,Romance,193
u04683,Accion,36
u04684,Terror,331
u04685,Terror,92
u04686,CienciaFiccion,56
u04687,Romance,76
u04688,Accion,160
u04689,Accion,319
u04690,Animacion,119
u04691,Romance,347
u04692,Animacion,345
u04693,Animacion,306
u04694,CienciaFiccion,392
u04695,Terror,317
u04696,Drama,145
u04697,CienciaFiccion,85
u04698,Drama,141
u04699,Romance,184
u04700,Drama,10
u04701,Drama,70
u04702,Terror,134
u04703,Animacion,62
u04704,Accion,211
u04705,Comedia,391
u04706,Animacion,361
u04707,Animacion,335
u04708,Animacion,243
u04709,Animacion,1
u04710,Terror,408
u04711,Romance,257
u04712,Animacion,330
u04713,Romance,413
u04714,CienciaFiccion,406
u04715,CienciaFiccion,371
u04716,Accion,402
u04717,Accion,126
u04718,Accion,407
u04719,Terror,467
u04720,Animacion,223
u04721,Romance,197
u04722,Animacion,225
u04723,Comedia,393
u04724,Terror,500
u04725,Accion,203
u04726,Comedia,96
u04727,Accion,385
u04728,Drama,69
u04729,Drama,327
u04730,Animacion,336
u04731,Animacion,156
u04732,Drama,158
u04733,Terror,29
u04734,Animacion,405
u04735,Romance,101
u04736,Animacion,496
u04737,Drama,271
u04738,Romance,487
u04739,Comedia,365
u04740,Accion,90
u04741,CienciaFiccion,269
u04742,Terror,450
u04743,Terror,437
u04744,Romance,247
u04745,Accion,269
u04746,Documental,21
u04747,Accion,236
u04748,Comedia,66
u04749,Documental,488
u04750,Accion,57
u04751,Accion,233
u04752,CienciaFiccion,200
u04753,Animacion,354
u04754,Animacion,421
u04755,Animacion,373
u04756,Terror,309
u04757,CienciaFiccion,341
u04758,Comedia,78
u04759,CienciaFiccion,387
u04760,Drama,452
u04761,Documental,225
u04762,CienciaFiccion,121
u04763,Romance,289
u04764,Accion,135
u04765,CienciaFiccion,306
u04766,Animacion,289
u04767,Comedia,410
u04768,Animacion,170
u04769,Romance,348
u04770,Terror,495
u04771,Drama,144
u04772,Documental,194
u04773,Animacion,105
u04774,Drama,77
u04775,Terror,30
u04776,Romance,355
u04777,Comedia,8
u04778,Terror,455
u04779,Documental,169
u04780,Comedia,116
u04781,Romance,26
u04782,Comedia,289
u04783,Comedia,189
u04784,Documental,117
u04785,Accion,15
u04786,Documental,416
u04787,CienciaFiccion,287
u04788,Animacion,257
u04789,Accion,231
u04790,Terror,324
u04791,Drama,143
u04792,Romance,119
u04793,Romance,72
u04794,Animacion,43
u04795,Animacion,443
u04796,Terror,173
u04797,Romance,368
u04798,Drama,289
u04799,Accion,460
u04800,Animacion,481
u04801,CienciaFiccion,208
u04802,CienciaFiccion,369
u04803,CienciaFiccion,4
u04804,Romance,199
u04805,Documental,117
u04806,CienciaFiccion,458
u04807,Terror,444
u04808,Documental,232
u04809,Animacion,332
u04810,Comedia,78
u04811,Documental,186
u04812,Animacion,237
u04813,Comedia,121
u04814,Documental,412
u04815,Documental,497
u04816,Drama,305
u04817,Comedia,153
u04818,Comedia,46
u04819,Terror,26
u04820,Drama,58
u04821,CienciaFiccion,27
u04822,Terror,350
u04823,CienciaFiccion,395
u04824,Romance,413
u04825,Documental,11
u04826,Drama,117
u04827,Drama,17
u04828,CienciaFiccion,370
u04829,Animacion,306
u04830,CienciaFiccion,26
u04831,Documental,190
u04832,Documental,455
u04833,Drama,16
u04834,Comedia,244
u04835,Drama,36
u04836,Drama,450
u04837,Terror,472
u04838,Documental,197
u04839,CienciaFiccion,183
u04840,Animacion,472
u04841,Accion,485
u04842,Comedia,444
u04843,Terror,116
u04844,CienciaFiccion,6
u04845,Accion,470
u04846,Documental,275
u04847,CienciaFiccion,300
u04848,Documental,491
u04849,CienciaFiccion,118
u04850,Documental,294
u04851,Comedia,213
u04852,CienciaFiccion,312
u04853,Romance,30
u04854,Comedia,198
u04855,Accion,491
u04856,Romance,441
u04857,Terror,156
u04858,CienciaFiccion,420
u04859,Documental,303
u04860,Accion,359
u04861,Romance,310
u04862,Terror,405
u04863,Documental,393
u04864,CienciaFiccion,37
u04865,Documental,20
u04866,Comedia,81
u04867,Documental,205
u04868,Animacion,199
u04869,Comedia,13
u04870,Romance,230
u04871,Animacion,364
u04872,Documental,243
u04873,CienciaFiccion,416
u04874,Animacion,180
u04875,Comedia,52
u04876,Documental,394
u04877,CienciaFiccion,150
u04878,Drama,55
u04879,Terror,213
u04880,Terror,314
u04881,Documental,405
u04882,Romance,403
u04883,Romance,355
u04884,Comedia,347
u04885,Terror,310
u04886,Romance,391
u04887,Drama,14
u04888,Comedia,248
u04889,Comedia,271
u04890,Documental,12
u04891,Drama,255
u04892,Animacion,195
u04893,Terror,166
u04894,CienciaFiccion,306
u04895,Romance,145
u04896,Comedia,469
u04897,Terror,406
u04898,Terror,117
u04899,Animacion,189
u04900,Comedia,66
u04901,Comedia,70
u04902,Accion,47
u04903,CienciaFiccion,338
u04904,Comedia,30
u04905,CienciaFiccion,53
u04906,Accion,65
u04907,CienciaFiccion,127
u04908,Documental,16
u04909,CienciaFiccion,363
u04910,Accion,22
u04911,CienciaFiccion,69
u04912,Romance,120
u04913,Drama,170
u04914,Documental,88
u04915,Accion,90
u04916,Terror,197
u04917,Documental,294
u04918,Accion,268
u04919,Romance,472
u04920,Accion,8
u04921,Drama,477
u04922,Terror,81
u04923,Romance,137
u04924,Accion,192
u04925,Drama,459
u04926,Animacion,464
u04927,Drama,360
u04928,Terror,200
u04929,Animacion,165
u04930,Accion,37
u04931,Comedia,211
u04932,Terror,32
u04933,Documental,434
u04934,Drama,174
u04935,Comedia,109
u04936,Romance,175
u04937,Accion,472
u04938,Drama,46
u04939,Documental,309
u04940,Comedia,481
u04941,Comedia,426
u04942,Documental,313
u04943,Drama,417
u04944,Drama,136
u04945,Terror,1
u04946,Documental,265
u04947,Drama,364
u04948,Romance,167
u04949,Romance,312
u04950,Animacion,60
u04951,Accion,49
u04952,Comedia,117
u04953,Accion,174
u04954,Drama,252
u04955,Terror,162
u04956,Comedia,72
u04957,Comedia,133
u04958,Romance,303
u04959,CienciaFiccion,19
u04960,Drama,135
u04961,Terror,150
u04962,Accion,170
u04963,Romance,61
u04964,Drama,323
u04965,Accion,4
u04966,CienciaFiccion,3
u04967,Terror,213
u04968,Drama,372
u04969,Romance,440
u04970,Romance,17
u04971,Accion,206
u04972,Romance,367
u04973,Drama,298
u04974,Accion,75
u04975,Documental,416
u04976,Comedia,303
u04977,Comedia,214
u04978,Terror,44
u04979,Accion,442
u04980,CienciaFiccion,167
u04981,Animacion,212
u04982,Accion,117
u04983,Comedia,161
u04984,Accion,456
u04985,CienciaFiccion,105
u04986,Comedia,112
u04987,Terror,364
u04988,Comedia,290
u04989,Comedia,484
u04990,Comedia,63
u04991,Accion,129
u04992,Terror,317
u04993,Comedia,362
u04994,Terror,27
u04995,Terror,29
u04996,Documental,190
u04997,CienciaFiccion,96
u04998,Animacion,379
u04999,Animacion,363
u05000,Documental,339
u05001,Documental,483
u05002,Documental,348
u05003,Terror,85
u05004,Accion,389
u05005,Comedia,261
u05006,Romance,132
u05007,Accion,96
u05008,CienciaFiccion,16
u05009,Animacion,355
u05010,Drama,422
u05011,Comedia,391
u05012,Drama,167
u05013,Documental,68
u05014,Comedia,485
u05015,CienciaFiccion,240
u05016,Accion,57
u05017,CienciaFiccion,33
u05018,Comedia,126
u05019,CienciaFiccion,456
u05020,Terror,478
u05021,Comedia,62
u05022,Romance,199
u05023,CienciaFiccion,436
u05024,Animacion,224
u05025,Accion,51
u05026,CienciaFiccion,430
u05027,Romance,441
u05028,Terror,416
u05029,Romance,355
u05030,Terror,481
u05031,Drama,381
u05032,CienciaFiccion,429
u05033,Terror,328
u05034,Animacion,406
u05035,Romance,14
u05036,Accion,352
u05037,Drama,206
u05038,Accion,232
u05039,Drama,85
u05040,Romance,329
u05041,Terror,409
u05042,Accion,169
u05043,Romance,4
u05044,Documental,127
u05045,Terror,96
u05046,Comedia,17
u05047,Documental,328
u05048,Drama,264
u05049,CienciaFiccion,290
u05050,CienciaFiccion,108
u05051,CienciaFiccion,276
u05052,CienciaFiccion,4
u05053,Drama,220
u05054,Animacion,341
u05055,Terror,237
u05056,Animacion,492
u05057,Terror,256
u05058,Documental,309
u05059,Drama,70
u05060,Accion,34
u05061,CienciaFiccion,195
u05062,Animacion,451
u05063,Comedia,371
u05064,CienciaFiccion,45
u05065,Animacion,246
u05066,Accion,98
u05067,Documental,315
u05068,CienciaFiccion,65
u05069,Terror,50
u05070,Romance,102
u05071,Comedia,376
u05072,Terror,414
u05073,Drama,288
u05074,Accion,381
u05075,Accion,362
u05076,Terror,367
u05077,Documental,329
u05078,Romance,180
u05079,CienciaFiccion,313
u05080,Romance,66
u05081,Animacion,441
u05082,Romance,285
u05083,Romance,123
u05084,CienciaFiccion,164
u05085,Comedia,270
u05086,Terror,317
u05087,Romance,262
u05088,Animacion,44
u05089,Comedia,124
u05090,Documental,66
u05091,Romance,40
u05092,Terror,257
u05093,Accion,402
u05094,Documental,206
u05095,Accion,444
u05096,Drama,141
u05097,Documental,355
u05098,CienciaFiccion,134
u05099,Terror,417
u05100,Accion,49
u05101,CienciaFiccion,15
u05102,Accion,440
u05103,Terror,177
u05104,Comedia,115
u05105,Documental,251
u05106,Terror,88
u05107,Animacion,142
u05108,Romance,290
u05109,Documental,378
u05110,Comedia,284
u05111,Documental,335
u05112,Animacion,322
u05113,Drama,9
u05114,Documental,261
u05115,Comedia,237
u05116,Animacion,226
u05117,Drama,383
u05118,Accion,296
u05119,Romance,424
u05120,Documental,343
u05121,Comedia,111
u05122,Documental,389
u05123,CienciaFiccion,380
u05124,Accion,455
u05125,Terror,209
u05126,Documental,133
u05127,Documental,7
u05128,Romance,119
u05129,Accion,63
u05130,Comedia,471
u05131,Romance,190
u05132,Accion,406
u05133,CienciaFiccion,430
u05134,Drama,405
u05135,Documental,195
u05136,Terror,13
u05137,Documental,165
u05138,CienciaFiccion,440
u05139,Romance,201
u05140,Romance,388
u05141,Romance,195
u05142,CienciaFiccion,446
u05143,Animacion,337
u05144,Animacion,38
u05145,CienciaFiccion,410
u05146,Romance,401
u05147,Romance,444
u05148,Romance,157
u05149,Documental,169
u05150,Animacion,437
u05151,CienciaFiccion,490
u05152,Animacion,363
u05153,Comedia,347
u05154,Documental,468
u05155,Comedia,24
u05156,Accion,129
u05157,Terror,357
u05158,Accion,1
u05159,CienciaFiccion,18
u05160,Documental,451
u05161,Documental,125
u05162,Terror,136
u05163,Animacion,84
u05164,Terror,114
u05165,Drama,301
u05166,Terror,218
u05167,Animacion,63
u05168,Accion,295
u05169,Terror,311
u05170,Comedia,422
u05171,Documental,156
u05172,CienciaFiccion,462
u05173,Documental,196
u05174,Accion,59
u05175,Comedia,435
u05176,Accion,453
u05177,Comedia,71
u05178,Animacion,226
u05179,CienciaFiccion,228
u05180,Animacion,289
u05181,Documental,83
u05182,Documental,262
u05183,Animacion,100
u05184,CienciaFiccion,88
u05185,Animacion,258
u05186,Terror,226
u05187,CienciaFiccion,248
u05188,Comedia,482
u05189,Terror,416
u05190,Terror,35
u05191,Drama,314
u05192,Accion,436
u05193,CienciaFiccion,353
u05194,Documental,490
u05195,Animacion,79
u05196,Accion,244
u05197,Animacion,19
u05198,Documental,176
u05199,Romance,225
u05200,Drama,335
u05201,Terror,470
u05202,Romance,141
u05203,Comedia,22
u05204,Drama,153
u05205,Accion,247
u05206,Animacion,497
u05207,Comedia,283
u05208,Documental,255
u05209,Animacion,184
u05210,Drama,140
u05211,CienciaFiccion,79
u05212,Drama,338
u05213,Romance,319
u05214,Documental,159
u05215,Terror,490
u05216,Romance,305
u05217,Documental,477
u05218,Drama,196
u05219,Accion,152
u05220,Drama,496
u05221,Animacion,305
u05222,Drama,149
u05223,Animacion,378
u05224,Romance,177
u05225,CienciaFiccion,324
u05226,Animacion,180
u05227,Documental,17
u05228,Romance,327
u05229,Animacion,498
u05230,Accion,307
u05231,CienciaFiccion,151
u05232,Documental,288
u05233,Comedia,159
u05234,Drama,202
u05235,Animacion,48
u05236,Documental,23
u05237,Romance,494
u05238,Animacion,178
u05239,CienciaFiccion,146
u05240,Documental,184
u05241,Documental,428
u05242,Comedia,161
u05243,Terror,488
u05244,Documental,488
u05245,CienciaFiccion,364
u05246,Terror,290
u05247,Comedia,498
u05248,Accion,266
u05249,Romance,17
u05250,Comedia,336
u05251,Accion,377
u05252,Documental,247
u05253,Drama,247
u05254,Documental,156
u05255,CienciaFiccion,201
u05256,Terror,253
u05257,CienciaFiccion,70
u05258,CienciaFiccion,182
u05259,Accion,1
u05260,CienciaFiccion,3
u05261,Animacion,296
u05262,CienciaFiccion,403
u05263,CienciaFiccion,272
u05264,Drama,130
u05265,Accion,333
u05266,Drama,271
u05267,Comedia,490
u05268,Documental,385
u05269,CienciaFiccion,14
u05270,Accion,80
u05271,Animacion,320
u05272,CienciaFiccion,104
u05273,Accion,454
u05274,Terror,211
u05275,Romance,322
u05276,Documental,143
u05277,Romance,451
u05278,CienciaFiccion,8
u05279,Romance,221
u05280,Romance,237
u05281,Terror,450
u05282,Accion,243
u05283,Comedia,284
u05284,Drama,462
u05285,Comedia,188
u05286,Terror,227
u05287,Drama,485
u05288,Romance,391
u05289,Drama,240
u05290,Accion,460
u05291,Documental,457
u05292,Accion,96
u05293,Romance,58
u05294,Comedia,198
u05295,CienciaFiccion,404
u05296,Comedia,4
u05297,Accion,108
u05298,Terror,490
u05299,Drama,157
u05300,Romance,394
u05301,CienciaFiccion,491
u05302,Animacion,140
u05303,Terror,190
u05304,Documental,372
u05305,Comedia,117
u05306,Accion,216
u05307,Accion,303
u05308,Terror,110
u05309,CienciaFiccion,102
u05310,Accion,268
u05311,Drama,364
u05312,Documental,294
u05313,Accion,282
u05314,Animacion,145
u05315,Terror,367
u05316,Animacion,64
u05317,Animacion,19
u05318,Romance,4
u05319,CienciaFiccion,280
u05320,CienciaFiccion,259
u05321,Comedia,147
u05322,CienciaFiccion,197
u05323,Comedia,61
u05324,Accion,409
u05325,Drama,31
u05326,CienciaFiccion,470
u05327,Documental,336
u05328,Documental,194
u05329,Documental,296
u05330,Accion,495
u05331,Animacion,196
u05332,Comedia,491
u05333,Comedia,279
u05334,CienciaFiccion,334
u05335,CienciaFiccion,394
u05336,Romance,372
u05337,Romance,138
u05338,Animacion,1
u05339,Drama,104
u05340,Drama,54
u05341,Drama,78
u05342,Animacion,383
u05343,Drama,455
u05344,Animacion,313
u05345,Accion,206
u05346,Comedia,24
u05347,Drama,127
u05348,CienciaFiccion,360
u05349,Terror,290
u05350,Comedia,390
u05351,Accion,154
u05352,CienciaFiccion,169
u05353,Documental,135
u05354,Documental,418
u05355,Accion,469
u05356,Terror,92
u05357,Terror,253
u05358,Terror,273
u05359,Accion,303
u05360,Documental,340
u05361,Romance,48
u05362,Drama,118
u05363,Terror,244
u05364,Drama,69
u05365,Comedia,341
u05366,CienciaFiccion,475
u05367,CienciaFiccion,60
u05368,Documental,427
u05369,CienciaFiccion,344
u05370,Romance,378
u05371,Animacion,294
u05372,Romance,262
u05373,Terror,296
u05374,Drama,260
u05375,Animacion,417
u05376,Accion,401
u05377,Documental,158
u05378,Documental,332
u05379,Terror,405
u05380,Terror,155
u05381,Romance,175
u05382,Comedia,402
u05383,Accion,83
u05384,CienciaFiccion,233
u05385,Animacion,327
u05386,Drama,319
u05387,CienciaFiccion,302
u05388,Animacion,263
u05389,Terror,276
u05390,Documental,211
u05391,Animacion,14
u05392,Terror,76
u05393,Romance,235
u05394,Romance,421
u05395,Accion,138
u05396,Documental,144
u05397,Terror,347
u05398,Terror,174
u05399,Comedia,347
u05400,CienciaFiccion,481
u05401,Comedia,266
u05402,CienciaFiccion,277
u05403,Accion,473
u05404,Terror,254
u05405,Documental,29
u05406,Romance,351
u05407,Accion,187
u05408,Drama,322
u05409,Documental,269
u05410,Accion,12
u05411,Terror,400
u05412,CienciaFiccion,75
u05413,Drama,351
u05414,Comedia,465
u05415,Accion,468
u05416,Documental,499
u05417,Animacion,363
u05418,Animacion,180
u05419,Drama,330
u05420,Documental,220
u05421,Drama,26
u05422,CienciaFiccion,443
u05423,Animacion,81
u05424,Animacion,45
u05425,Romance,477
u05426,Animacion,490
u05427,Comedia,470
u05428,Romance,420
u05429,Documental,295
u05430,Terror,137
u05431,Comedia,183
u05432,Drama,280
u05433,Animacion,283
u05434,Terror,197
u05435,Terror,294
u05436,Accion,155
u05437,Documental,347
u05438,Romance,96
u05439,Accion,147
u05440,Animacion,318
u05441,Romance,151
u05442,CienciaFiccion,244
u05443,Accion,382
u05444,Animacion,138
u05445,Comedia,273
u05446,Accion,257
u05447,Accion,99
u05448,Terror,101
u05449,Terror,85
u05450,Drama,368
u05451,Drama,75
u05452,Accion,385
u05453,Comedia,433
u05454,CienciaFiccion,297
u05455,Terror,144
u05456,Animacion,16
u05457,Animacion,151
u05458,CienciaFiccion,217
u05459,Romance,152
u05460,Accion,128
u05461,Accion,180
u05462,Animacion,343
u05463,Comedia,283
u05464,Comedia,375
u05465,Terror,408
u05466,Romance,172
u05467,Drama,450
u05468,Documental,479
u05469,Comedia,417
u05470,CienciaFiccion,55
u05471,Romance,129
u05472,Terror,166
u05473,Romance,263
u05474,CienciaFiccion,15
u05475,Terror,89
u05476,Animacion,432
u05477,Romance,331
u05478,Accion,248
u05479,Accion,280
u05480,Accion,316
u05481,CienciaFiccion,81
u05482,Animacion,24
u05483,Terror,364
u05484,CienciaFiccion,132
u05485,CienciaFiccion,66
u05486,Terror,229
u05487,Accion,187
u05488,Drama,32
u05489,Animacion,242
u05490,Accion,348
u05491,Romance,294
u05492,Drama,147
u05493,Animacion,256
u05494,Terror,179
u05495,Accion,6
u05496,Terror,332
u05497,Documental,133
u05498,Romance,262
u05499,Documental,193
u05500,Documental,428
u05501,Comedia,158
u05502,CienciaFiccion,49
u05503,Drama,467
u05504,Romance,157
u05505,Documental,153
u05506,Terror,131
u05507,Drama,405
u05508,Documental,18
u05509,Accion,230
u05510,Comedia,198
u05511,Romance,79
u05512,Accion,471
u05513,Documental,168
u05514,Animacion,200
u05515,Documental,78
u05516,CienciaFiccion,476
u05517,Romance,135
u05518,Romance,120
u05519,Documental,390
u05520,Drama,127
u05521,Comedia,478
u05522,Accion,315
u05523,CienciaFiccion,362
u05524,Romance,16
u05525,Animacion,421
u05526,CienciaFiccion,108
u05527,Terror,193
u05528,Accion,451
u05529,Drama,480
u05530,Documental,315
u05531,Drama,25
u05532,CienciaFiccion,54
u05533,Accion,117
u05534,Accion,400
u05535,Animacion,194
u05536,CienciaFiccion,465
u05537,CienciaFiccion,160
u05538,Romance,419
u05539,CienciaFiccion,224
u05540,Comedia,265
u05541,CienciaFiccion,206
u05542,Animacion,104
u05543,Drama,296
u05544,Animacion,398
u05545,Comedia,331
u05546,Drama,417
u05547,Romance,172
u05548,Drama,288
u05549,Animacion,498
u05550,Accion,223
u05551,Accion,385
u05552,Accion,492
u05553,Terror,308
u05554,Comedia,22
u05555,Animacion,132
u05556,Comedia,104
u05557,Accion,468
u05558,Terror,160
u05559,Drama,451
u05560,Drama,107
u05561,Animacion,444
u05562,Terror,272
u05563,Drama,370
u05564,Terror,438
u05565,Animacion,420
u05566,Accion,289
u05567,Documental,343
u05568,Romance,394
u05569,CienciaFiccion,483
u05570,Accion,472
u05571,Drama,283
u05572,Animacion,360
u05573,Drama,393
u05574,Documental,499
u05575,Accion,201
u05576,Animacion,499
u05577,Terror,138
u05578,Animacion,83
u05579,Animacion,393
u05580,Drama,137
u05581,Accion,64
u05582,Documental,277
u05583,Terror,430
u05584,Terror,127
u05585,Animacion,85
u05586,Accion,158
u05587,Documental,153
u05588,Accion,138
u05589,Accion,382
u05590,Romance,427
u05591,Comedia,217
u05592,Terror,379
u05593,Accion,368
u05594,Drama,33
u05595,Terror,144
u05596,Documental,483
u05597,Animacion,25
u05598,Terror,70
u05599,Romance,459
u05600,Romance,344
u05601,Documental,67
u05602,Romance,346
u05603,Romance,37
u05604,Drama,67
u05605,Drama,202
u05606,Comedia,140
u05607,Terror,35
u05608,Documental,302
u05609,Terror,58
u05610,Comedia,163
u05611,CienciaFiccion,128
u05612,Documental,32
u05613,Documental,368
u05614,CienciaFiccion,183
u05615,Romance,6
u05616,Drama,21
u05617,Drama,323
u05618,CienciaFiccion,340
u05619,Documental,198
u05620,Accion,480
u05621,Romance,160
u05622,Terror,258
u05623,Drama,197
u05624,Animacion,334
u05625,Accion,286
u05626,Comedia,362
u05627,Comedia,147
u05628,CienciaFiccion,156
u05629,Comedia,260
u05630,Romance,338
u05631,Accion,285
u05632,Drama,306
u05633,Terror,41
u05634,Animacion,214
u05635,Romance,340
u05636,Animacion,230
u05637,Terror,398
u05638,Animacion,258
u05639,Animacion,336
u05640,Drama,183
u05641,Comedia,154
u05642,Drama,256
u05643,Documental,265
u05644,Drama,299
u05645,Accion,266
u05646,CienciaFiccion,71
u05647,Comedia,241
u05648,Animacion,364
u05649,CienciaFiccion,446
u05650,Animacion,139
u05651,Accion,152
u05652,Accion,289
u05653,CienciaFiccion,341
u05654,Drama,194
u05655,Animacion,230
u05656,Documental,460
u05657,Comedia,306
u05658,Drama,209
u05659,CienciaFiccion,340
u05660,Accion,229
u05661,Documental,35
u05662,Documental,152
u05663,Documental,89
u05664,Romance,413
u05665,Romance,389
u05666,Drama,136
u05667,Accion,231
u05668,Accion,33
u05669,CienciaFiccion,69
u05670,Comedia,46
u05671,Documental,112
u05672,CienciaFiccion,399
u05673,Accion,271
u05674,Accion,58
u05675,CienciaFiccion,99
u05676,Accion,493
u05677,Terror,468
u05678,Romance,142
u05679,Animacion,449
u05680,Comedia,392
u05681,Documental,164
u05682,Drama,421
u05683,Drama,72
u05684,Animacion,173
u05685,CienciaFiccion,142
u05686,Comedia,200
u05687,CienciaFiccion,87
u05688,Romance,172
u05689,Romance,52
u05690,Drama,446
u05691,Documental,399
u05692,CienciaFiccion,396
u05693,Romance,427
u05694,Comedia,308
u05695,Documental,441
u05696,CienciaFiccion,485
u05697,Romance,151
u05698,CienciaFiccion,297
u05699,Drama,7
u05700,Drama,440
u05701,Drama,447
u05702,Accion,136
u05703,Accion,95
u05704,Documental,12
u05705,Romance,361
u05706,Documental,426
u05707,Terror,451
u05708,Animacion,134
u05709,CienciaFiccion,253
u05710,Accion,74
u05711,Comedia,166
u05712,Romance,386
u05713,Comedia,223
u05714,Documental,38
u05715,CienciaFiccion,344
u05716,Accion,203
u05717,Animacion,271
u05718,CienciaFiccion,434
u05719,Comedia,193
u05720,Accion,316
u05721,Terror,382
u05722,CienciaFiccion,384
u05723,Documental,36
u05724,Documental,413
u05725,Documental,365
u05726,Drama,310
u05727,Accion,443
u05728,Accion,254
u05729,CienciaFiccion,453
u05730,Documental,293
u05731,CienciaFiccion,293
u05732,Terror,462
u05733,Accion,107
u05734,Accion,446
u05735,Romance,1
u05736,Drama,204
u05737,Romance,97
u05738,Drama,434
u05739,Terror,198
u05740,Accion,418
u05741,Terror,319
u05742,Comedia,3
u05743,Animacion,270
u05744,Comedia,420
u05745,Drama,184
u05746,Romance,363
u05747,Documental,89
u05748,Animacion,479
u05749,Comedia,197
u05750,Drama,218
u05751,Drama,371
u05752,CienciaFiccion,433
u05753,CienciaFiccion,251
u05754,CienciaFiccion,344
u05755,Drama,42
u05756,Animacion,320
u05757,Comedia,367
u05758,Terror,337
u05759,Animacion,320
u05760,Animacion,47
u05761,Accion,471
u05762,Animacion,346
u05763,CienciaFiccion,138
u05764,Romance,67
u05765,Drama,431
u05766,Drama,372
u05767,Comedia,219
u05768,Comedia,180
u05769,Romance,187
u05770,CienciaFiccion,469
u05771,CienciaFiccion,235
u05772,CienciaFiccion,418
u05773,Drama,396
u05774,Accion,264
u05775,Romance,362
u05776,Comedia,336
u05777,Comedia,202
u05778,Drama,381
u05779,Animacion,88
u05780,Animacion,205
u05781,Comedia,262
u05782,Romance,469
u05783,Comedia,395
u05784,Romance,414
u05785,Drama,450
u05786,Accion,92
u05787,Drama,138
u05788,Romance,272
u05789,CienciaFiccion,106
u05790,Documental,439
u05791,Romance,246
u05792,Accion,308
u05793,Animacion,2
u05794,Documental,497
u05795,CienciaFiccion,364
u05796,CienciaFiccion,466
u05797,Terror,488
u05798,Terror,1
u05799,Drama,411
u05800,Drama,382
u05801,Comedia,426
u05802,Romance,372
u05803,Documental,186
u05804,Drama,105
u05805,Romance,168
u05806,Documental,271
u05807,Drama,26
u05808,Comedia,309
u05809,Animacion,216
u05810,Documental,380
u05811,Terror,482
u05812,Accion,199
u05813,Accion,164
u05814,Animacion,452
u05815,Romance,126
u05816,Accion,423
u05817,Romance,342
u05818,Documental,255
u05819,Romance,353
u05820,Drama,246
u05821,Comedia,389
u05822,Terror,115
u05823,CienciaFiccion,427
u05824,Animacion,420
u05825,Drama,277
u05826,Drama,322
u05827,Animacion,481
u05828,Accion,246
u05829,Accion,52
u05830,Drama,6
u05831,CienciaFiccion,192
u05832,Accion,328
u05833,Comedia,230
u05834,CienciaFiccion,81
u05835,Accion,103
u05836,CienciaFiccion,257
u05837,Drama,305
u05838,Comedia,145
u05839,Comedia,173
u05840,Drama,159
u05841,CienciaFiccion,223
u05842,Comedia,473
u05843,Comedia,469
u05844,Comedia,239
u05845,Terror,307
u05846,CienciaFiccion,217
u05847,Accion,77
u05848,CienciaFiccion,220
u05849,Terror,446
u05850,Animacion,13
u05851,Romance,437
u05852,Documental,114
u05853,Comedia,65
u05854,Documental,454
u05855,Drama,264
u05856,Romance,451
u05857,Romance,50
u05858,Accion,341
u05859,Documental,463
u05860,Documental,177
u05861,Accion,360
u05862,Comedia,318
u05863,Drama,153
u05864,Terror,99
u05865,Romance,153
u05866,Accion,27
u05867,CienciaFiccion,476
u05868,Romance,120
u05869,Accion,286
u05870,Terror,425
u05871,Terror,56
u05872,Terror,339
u05873,Terror,121
u05874,Comedia,225
u05875,Documental,158
u05876,Animacion,8
u05877,Drama,108
u05878,Comedia,434
u05879,Comedia,326
u05880,Animacion,460
u05881,Romance,269
u05882,Animacion,73
u05883,Romance,215
u05884,Romance,345
u05885,Animacion,293
u05886,Terror,234
u05887,Accion,497
u05888,Accion,133
u05889,Documental,485
u05890,CienciaFiccion,220
u05891,Drama,331
u05892,Documental,494
u05893,Terror,383
u05894,Terror,260
u05895,Romance,17
u05896,Romance,309
u05897,Romance,341
u05898,Terror,485
u05899,Animacion,374
u05900,Drama,28
u05901,Accion,384
u05902,Accion,362
u05903,Animacion,252
u05904,Comedia,256
u05905,Accion,365
u05906,Romance,111
u05907,Romance,189
u05908,Comedia,16
u05909,Drama,172
u05910,Accion,75
u05911,Terror,74
u05912,Animacion,419
u05913,Terror,22
u05914,Terror,242
u05915,Documental,343
u05916,CienciaFiccion,330
u05917,Terror,85
u05918,Romance,88
u05919,Drama,472
u05920,Romance,231
u05921,Accion,150
u05922,Comedia,237
u05923,Animacion,193
u05924,CienciaFiccion,145
u05925,Romance,36
u05926,Comedia,458
u05927,Documental,359
u05928,Terror,54
u05929,Documental,317
u05930,Comedia,341
u05931,Accion,444
u05932,Animacion,372
u05933,Drama,77
u05934,Romance,402
u05935,Documental,288
u05936,Animacion,442
u05937,Romance,373
u05938,Comedia,310
u05939,CienciaFiccion,106
u05940,Terror,407
u05941,Romance,290
u05942,Romance,190
u05943,Comedia,15
u05944,Documental,127
u05945,Animacion,385
u05946,Documental,13
u05947,Drama,308
u05948,Terror,130
u05949,Drama,425
u05950,CienciaFiccion,318
u05951,Accion,310
u05952,Accion,290
u05953,Documental,475
u05954,Comedia,419
u05955,Drama,171
u05956,CienciaFiccion,499
u05957,Animacion,373
u05958,CienciaFiccion,247
u05959,Animacion,224
u05960,Comedia,347
u05961,Animacion,353
u05962,Documental,203
u05963,Accion,249
u05964,Terror,225
u05965,Drama,258
u05966,Documental,297
u05967,Terror,25
u05968,Romance,184
u05969,Documental,323
u05970,CienciaFiccion,373
u05971,Accion,52
u05972,Documental,490
u05973,Documental,346
u05974,Documental,356
u05975,Accion,381
u05976,Documental,218
u05977,Accion,165
u05978,Documental,295
u05979,Romance,478
u05980,Documental,273
u05981,Romance,96
u05982,Documental,178
u05983,Animacion,166
u05984,Drama,81
u05985,Drama,397
u05986,Animacion,185
u05987,Terror,415
u05988,Accion,115
u05989,Romance,351
u05990,Documental,318
u05991,Animacion,498
u05992,Documental,204
u05993,Terror,133
u05994,Drama,399
u05995,Drama,233
u05996,Drama,241
u05997,Animacion,287
u05998,Animacion,394
u05999,Documental,469
u06000,CienciaFiccion,434
u06001,CienciaFiccion,165
u06002,CienciaFiccion,123
u06003,CienciaFiccion,449
u06004,Terror,226
u06005,CienciaFiccion,466
u06006,Romance,356
u06007,Terror,81
u06008,Comedia,276
u06009,Animacion,299
u06010,CienciaFiccion,488
u06011,Terror,255
u06012,CienciaFiccion,215
u06013,Drama,81
u06014,Comedia,144
u06015,Comedia,129
u06016,Terror,326
u06017,Accion,282
u06018,Comedia,461
u06019,Comedia,360
u06020,Animacion,476
u06021,Terror,486
u06022,Animacion,47
u06023,Drama,456
u06024,Documental,47
u06025,Romance,316
u06026,Documental,325
u06027,Romance,482
u06028,Documental,262
u06029,Drama,103
u06030,Documental,250
u06031,Drama,119
u06032,Documental,226
u06033,Romance,183
u06034,Terror,371
u06035,Animacion,411
u06036,Terror,159
u06037,Animacion,72
u06038,Documental,172
u06039,Drama,272
u06040,Comedia,118
u06041,Terror,90
u06042,Documental,24
u06043,CienciaFiccion,268
u06044,Comedia,9
u06045,Accion,157
u06046,Accion,290
u06047,Animacion,322
u06048,Comedia,286
u06049,Comedia,246
u06050,Terror,84
u06051,Accion,492
u06052,Terror,406
u06053,Accion,257
u06054,Drama,421
u06055,Accion,118
u06056,Drama,245
u06057,Comedia,174
u06058,Comedia,462
u06059,Romance,500
u06060,Animacion,376
u06061,Animacion,126
u06062,Accion,276
u06063,Accion,351
u06064,Terror,462
u06065,Documental,342
u06066,CienciaFiccion,441
u06067,Romance,73
u06068,Comedia,123
u06069,Documental,386
u06070,Accion,417
u06071,Documental,161
u06072,CienciaFiccion,424
u06073,Romance,135
u06074,Accion,123
u06075,Accion,411
u06076,Drama,202
u06077,Accion,122
u06078,Terror,297
u06079,Animacion,128
u06080,Comedia,489
u06081,Documental,306
u06082,Accion,78
u06083,Romance,338
u06084,Terror,99
u06085,Romance,106
u06086,Drama,382
u06087,Documental,90
u06088,Romance,25
u06089,Animacion,207
u06090,Documental,474
u06091,Documental,366
u06092,Romance,389
u06093,Terror,268
u06094,Accion,189
u06095,CienciaFiccion,356
u06096,CienciaFiccion,489
u06097,Drama,316
u06098,CienciaFiccion,271
u06099,Romance,143
u06100,Animacion,439
u06101,Documental,446
u06102,Romance,253
u06103,Comedia,397
u06104,Terror,291
u06105,CienciaFiccion,251
u06106,Terror,170
u06107,Terror,438
u06108,Documental,11
u06109,Romance,454
u06110,Accion,321
u06111,Documental,46
u06112,CienciaFiccion,429
u06113,CienciaFiccion,28
u06114,Comedia,388
u06115,Comedia,351
u06116,Drama,157
u06117,Accion,376
u06118,Documental,95
u06119,Drama,263
u06120,Animacion,190
u06121,CienciaFiccion,397
u06122,Terror,304
u06123,Animacion,156
u06124,Comedia,220
u06125,Comedia,56
u06126,Terror,206
u06127,Documental,295
u06128,CienciaFiccion,476
u06129,Romance,258
u06130,Terror,285
u06131,CienciaFiccion,451
u06132,Romance,403
u06133,Romance,369
u06134,Animacion,4
u06135,CienciaFiccion,151
u06136,Comedia,133
u06137,Accion,131
u06138,Animacion,82
u06139,Documental,282
u06140,Comedia,492
u06141,Accion,353
u06142,Romance,172
u06143,Romance,66
u06144,CienciaFiccion,98
u06145,Animacion,445
u06146,Comedia,319
u06147,Terror,134
u06148,Animacion,431
u06149,Accion,497
u06150,Comedia,431
u06151,Animacion,123
u06152,Romance,112
u06153,CienciaFiccion,428
u06154,Documental,213
u06155,CienciaFiccion,36
u06156,Animacion,4
u06157,Drama,6
u06158,Documental,189
u06159,CienciaFiccion,367
u06160,Accion,37
u06161,Documental,234
u06162,Romance,133
u06163,Animacion,403
u06164,Drama,380
u06165,Comedia,159
u06166,Comedia,304
u06167,Documental,4
u06168,Romance,418
u06169,Animacion,27
u06170,Terror,115
u06171,Animacion,270
u06172,Terror,253
u06173,Comedia,21
u06174,Documental,489
u06175,Drama,227
u06176,Terror,402
u06177,Romance,230
u06178,Animacion,39
u06179,Documental,382
u06180,Accion,356
u06181,Comedia,253
u06182,Terror,186
u06183,Comedia,421
u06184,Terror,196
u06185,Romance,313
u06186,Romance,150
u06187,Documental,227
u06188,Comedia,45
u06189,Animacion,118
u06190,Terror,195
u06191,Drama,355
u06192,Animacion,390
u06193,Documental,306
u06194,Terror,493
u06195,CienciaFiccion,121
u06196,Terror,289
u06197,Accion,457
u06198,CienciaFiccion,444
u06199,Romance,333
u06200,Comedia,79
u06201,CienciaFiccion,264
u06202,Drama,15
u06203,Terror,215
u06204,Comedia,260
u06205,Accion,143
u06206,Terror,308
u06207,Drama,356
u06208,CienciaFiccion,83
u06209,Animacion,151
u06210,Accion,270
u06211,Animacion,229
u06212,Comedia,306
u06213,Animacion,169
u06214,Comedia,291
u06215,Animacion,261
u06216,Animacion,56
u06217,CienciaFiccion,70
u06218,CienciaFiccion,423
u06219,Animacion,233
u06220,Romance,296
u06221,Terror,56
u06222,Romance,463
u06223,Terror,442
u06224,CienciaFiccion,141
u06225,Comedia,263
u06226,CienciaFiccion,130
u06227,Documental,288
u06228,Animacion,368
u06229,CienciaFiccion,359
u06230,Documental,104
u06231,Comedia,285
u06232,Accion,390
u06233,Comedia,5
u06234,CienciaFiccion,36
u06235,Animacion,316
u06236,Accion,18
u06237,Animacion,299
u06238,Animacion,208
u06239,Romance,461
u06240,CienciaFiccion,455
u06241,Comedia,354
u06242,CienciaFiccion,130
u06243,Animacion,304
u06244,Animacion,57
u06245,Comedia,313
u06246,Documental,439
u06247,Comedia,441
u06248,Accion,20
u06249,CienciaFiccion,260
u06250,CienciaFiccion,452
u06251,Romance,218
u06252,Comedia,99
u06253,Terror,185
u06254,Comedia,18
u06255,Terror,290
u06256,Comedia,467
u06257,Accion,78
u06258,Accion,220
u06259,Drama,190
u06260,Terror,98
u06261,Comedia,347
u06262,Accion,33
u06263,Terror,373
u06264,Accion,364
u06265,Comedia,24
u06266,Documental,174
u06267,Animacion,233
u06268,Comedia,343
u06269,Animacion,470
u06270,Documental,370
u06271,Comedia,50
u06272,Terror,206
u06273,Animacion,60
u06274,Terror,304
u06275,Terror,264
u06276,Animacion,424
u06277,Accion,309
u06278,Comedia,463
u06279,Accion,199
u06280,Romance,475
u06281,Accion,369
u06282,Comedia,259
u06283,Accion,97
u06284,Documental,12
u06285,Drama,163
u06286,Romance,325
u06287,Documental,285
u06288,Animacion,267
u06289,Romance,92
u06290,Comedia,278
u06291,Drama,386
u06292,CienciaFiccion,80
u06293,Accion,274
u06294,Terror,72
u06295,Accion,153
u06296,Romance,499
u06297,Comedia,497
u06298,Drama,497
u06299,Comedia,86
u06300,Comedia,319
u06301,CienciaFiccion,199
u06302,CienciaFiccion,435
u06303,Drama,491
u06304,Accion,150
u06305,Comedia,206
u06306,Terror,463
u06307,Terror,203
u06308,Drama,396
u06309,Romance,419
u06310,Drama,212
u06311,CienciaFiccion,165
u06312,Terror,238
u06313,Comedia,219
u06314,Romance,430
u06315,Drama,400
u06316,Romance,227
u06317,Terror,219
u06318,Documental,348
u06319,CienciaFiccion,106
u06320,CienciaFiccion,73
u06321,Documental,22
u06322,Drama,299
u06323,Documental,360
u06324,Terror,366
u06325,Animacion,361
u06326,Romance,436
u06327,Comedia,266
u06328,CienciaFiccion,111
u06329,Documental,273
u06330,Drama,84
u06331,Drama,350
u06332,Documental,243
u06333,Animacion,245
u06334,Romance,168
u06335,Drama,85
u06336,Drama,359
u06337,Animacion,217
u06338,Terror,168
u06339,Romance,498
u06340,Documental,124
u06341,Comedia,108
u06342,CienciaFiccion,404
u06343,Romance,189
u06344,Accion,307
u06345,Terror,314
u06346,Terror,131
u06347,Comedia,473
u06348,Romance,141
u06349,Animacion,443
u06350,Animacion,279
u06351,Drama,272
u06352,Documental,45
u06353,Accion,277
u06354,CienciaFiccion,426
u06355,Comedia,463
u06356,Accion,416
u06357,Accion,159
u06358,CienciaFiccion,487
u06359,Drama,320
u06360,Terror,77
u06361,CienciaFiccion,94
u06362,Terror,327
u06363,Comedia,54
u06364,Comedia,390
u06365,Romance,36
u06366,Terror,274
u06367,Documental,35
u06368,CienciaFiccion,5
u06369,Drama,10
u06370,Drama,49
u06371,Romance,371
u06372,Accion,256
u06373,Romance,53
u06374,Romance,70
u06375,Drama,46
u06376,Animacion,185
u06377,Documental,311
u06378,Animacion,275
u06379,Terror,224
u06380,Animacion,170
u06381,Documental,372
u06382,Comedia,485
u06383,Drama,30
u06384,Romance,121
u06385,Comedia,97
u06386,Terror,426
u06387,Terror,457
u06388,Drama,328
u06389,Drama,187
u06390,Documental,440
u06391,Terror,30
u06392,Romance,11
u06393,Accion,118
u06394,Terror,353
u06395,Accion,412
u06396,Animacion,483
u06397,Terror,446
u06398,CienciaFiccion,214
u06399,Drama,42
u06400,Documental,373
u06401,Comedia,215
u06402,Accion,230
u06403,Documental,155
u06404,Animacion,278
u06405,Animacion,388
u06406,Terror,196
u06407,Terror,384
u06408,Terror,463
u06409,Documental,166
u06410,Terror,34
u06411,Accion,38
u06412,Drama,179
u06413,CienciaFiccion,75
u06414,Documental,403
u06415,Accion,302
u06416,Documental,174
u06417,Documental,9
u06418,Comedia,203
u06419,Documental,243
u06420,Comedia,341
u06421,Romance,281
u06422,Drama,355
u06423,Romance,102
u06424,Drama,59
u06425,Drama,127
u06426,Documental,3
u06427,CienciaFiccion,371
u06428,Accion,109
u06429,Terror,276
u06430,Drama,140
u06431,CienciaFiccion,273
u06432,CienciaFiccion,258
u06433,Terror,261
u06434,Animacion,98
u06435,Comedia,106
u06436,Comedia,495
u06437,Romance,53
u06438,Comedia,261
u06439,Accion,475
u06440,Accion,108
u06441,Drama,241
u06442,Comedia,429
u06443,Comedia,380
u06444,Drama,434
u06445,Drama,122
u06446,Terror,357
u06447,Accion,177
u06448,Comedia,321
u06449,Romance,164
u06450,Animacion,54
u06451,Terror,500
u06452,Terror,334
u06453,Animacion,480
u06454,Documental,389
u06455,CienciaFiccion,320
u06456,Animacion,351
u06457,Accion,172
u06458,Drama,19
u06459,Romance,68
u06460,Terror,365
u06461,Drama,94
u06462,Animacion,489
u06463,Drama,38
u06464,Documental,252
u06465,Terror,142
u06466,Accion,155
u06467,Terror,86
u06468,Animacion,30
u06469,Documental,163
u06470,Animacion,320
u06471,Romance,198
u06472,Romance,448
u06473,CienciaFiccion,468
u06474,Accion,411
u06475,Drama,68
u06476,Romance,273
u06477,Animacion,32
u06478,Comedia,237
u06479,Animacion,100
u06480,Accion,292
u06481,Accion,49
u06482,Accion,435
u06483,Terror,456
u06484,Animacion,240
u06485,CienciaFiccion,435
u06486,Animacion,162
u06487,Terror,311
u06488,Comedia,99
u06489,Accion,231
u06490,CienciaFiccion,294
u06491,Drama,466
u06492,Romance,76
u06493,Accion,470
u06494,Comedia,268
u06495,Comedia,370
u06496,Animacion,252
u06497,Documental,493
u06498,Animacion,461
u06499,Romance,476
u06500,Romance,106
u06501,Documental,495
u06502,Drama,19
u06503,Documental,177
u06504,Documental,317
u06505,Comedia,238
u06506,Terror,359
u06507,CienciaFiccion,45
u06508,CienciaFiccion,457
u06509,Animacion,326
u06510,CienciaFiccion,460
u06511,Accion,226
u06512,CienciaFiccion,475
u06513,Comedia,491
u06514,Animacion,425
u06515,Terror,256
u06516,Comedia,53
u06517,CienciaFiccion,16
u06518,Accion,360
u06519,Romance,185
u06520,CienciaFiccion,95
u06521,Terror,301
u06522,Drama,185
u06523,Drama,499
u06524,Comedia,293
u06525,Drama,383
u06526,Accion,399
u06527,Accion,452
u06528,Documental,97
u06529,Accion,400
u06530,Animacion,287
u06531,Terror,14
u06532,Terror,115
u06533,Drama,63
u06534,Romance,181
u06535,Comedia,275
u06536,Terror,309
u06537,Drama,45
u06538,CienciaFiccion,271
u06539,Drama,492
u06540,Comedia,173
u06541,Romance,418
u06542,Comedia,117
u06543,Animacion,457
u06544,Comedia,206
u06545,Accion,469
u06546,Drama,165
u06547,Animacion,279
u06548,Accion,219
u06549,Terror,210
u06550,CienciaFiccion,127
u06551,Comedia,436
u06552,Documental,467
u06553,Romance,422
u06554,Drama,98
u06555,Drama,128
u06556,Documental,232
u06557,Drama,237
u06558,CienciaFiccion,19
u06559,Animacion,71
u06560,Romance,394
u06561,Animacion,309
u06562,CienciaFiccion,443
u06563,Animacion,22
u06564,Terror,59
u06565,Drama,190
u06566,Drama,28
u06567,CienciaFiccion,220
u06568,Romance,110
u06569,Accion,197
u06570,Romance,285
u06571,Drama,468
u06572,Terror,68
u06573,Comedia,386
u06574,Drama,67
u06575,Comedia,56
u06576,Animacion,415
u06577,CienciaFiccion,150
u06578,Romance,194
u06579,Accion,100
u06580,Documental,236
u06581,Comedia,79
u06582,Animacion,442
u06583,Terror,99
u06584,Romance,328
u06585,Accion,8
u06586,Animacion,70
u06587,Animacion,235
u06588,Accion,317
u06589,Romance,143
u06590,CienciaFiccion,33
u06591,Terror,322
u06592,Terror,198
u06593,Animacion,145
u06594,Drama,452
u06595,Drama,221
u06596,CienciaFiccion,495
u06597,Terror,104
u06598,Terror,74
u06599,CienciaFiccion,411
u06600,Comedia,349
u06601,Animacion,187
u06602,CienciaFiccion,303
u06603,CienciaFiccion,37
u06604,Drama,451
u06605,Romance,492
u06606,Animacion,83
u06607,Comedia,156
u06608,Terror,245
u06609,Accion,155
u06610,Accion,416
u06611,Accion,29
u06612,Romance,259
u06613,Romance,201
u06614,Romance,483
u06615,Terror,225
u06616,CienciaFiccion,445
u06617,Terror,356
u06618,CienciaFiccion,270
u06619,Documental,222
u06620,Documental,56
u06621,Drama,268
u06622,Documental,327
u06623,Animacion,459
u06624,Drama,444
u06625,Romance,344
u06626,Terror,279
u06627,Terror,319
u06628,Animacion,318
u06629,Drama,302
u06630,CienciaFiccion,28
u06631,Romance,235
u06632,Animacion,80
u06633,Animacion,136
u06634,Comedia,117
u06635,Documental,216
u06636,Romance,468
u06637,Animacion,54
u06638,Accion,305
u06639,Documental,114
u06640,Terror,407
u06641,Animacion,107
u06642,Comedia,209
u06643,Drama,347
u06644,Documental,309
u06645,Accion,301
u06646,Accion,400
u06647,Drama,151
u06648,Terror,342
u06649,Romance,275
u06650,Terror,72
u06651,CienciaFiccion,497
u06652,Comedia,275
u06653,Comedia,253
u06654,Accion,148
u06655,Drama,202
u06656,Documental,46
u06657,Accion,198
u06658,Comedia,347
u06659,Drama,91
u06660,CienciaFiccion,285
u06661,Romance,292
u06662,CienciaFiccion,77
u06663,Comedia,117
u06664,Accion,82
u06665,Documental,210
u06666,Comedia,298
u06667,Romance,472
u06668,CienciaFiccion,249
u06669,Accion,363
u06670,Animacion,479
u06671,Comedia,386
u06672,Terror,130
u06673,Drama,287
u06674,Documental,180
u06675,Animacion,32
u06676,CienciaFiccion,456
u06677,Animacion,188
u06678,Accion,427
u06679,Animacion,314
u06680,Drama,338
u06681,Drama,151
u06682,CienciaFiccion,200
u06683,Documental,443
u06684,Terror,196
u06685,Accion,222
u06686,Animacion,86
u06687,Drama,45
u06688,Drama,388
u06689,Documental,432
u06690,Documental,478
u06691,CienciaFiccion,180
u06692,Animacion,350
u06693,Romance,139
u06694,Romance,333
u06695,Comedia,257
u06696,CienciaFiccion,298
u06697,CienciaFiccion,371
u06698,Documental,277
u06699,Accion,461
u06700,Romance,261
u06701,Documental,10
u06702,Terror,248
u06703,Romance,138
u06704,Accion,28
u06705,Documental,65
u06706,Drama,24
u06707,CienciaFiccion,480
u06708,Terror,447
u06709,Romance,20
u06710,Animacion,341
u06711,Comedia,272
u06712,Terror,140
u06713,Drama,336
u06714,Terror,498
u06715,Accion,346
u06716,Accion,101
u06717,Comedia,370
u06718,Romance,64
u06719,CienciaFiccion,491
u06720,Romance,181
u06721,Terror,192
u06722,Animacion,117
u06723,Documental,272
u06724,CienciaFiccion,327
u06725,Documental,410
u06726,Comedia,450
u06727,Documental,45
u06728,Drama,14
u06729,Animacion,234
u06730,CienciaFiccion,190
u06731,Accion,231
u06732,Documental,109
u06733,Comedia,5
u06734,Animacion,380
u06735,CienciaFiccion,265
u06736,Accion,200
u06737,Romance,131
u06738,Documental,190
u06739,Animacion,133
u06740,Romance,377
u06741,Drama,257
u06742,Romance,500
u06743,Accion,381
u06744,Comedia,388
u06745,Animacion,464
u06746,Documental,438
u06747,Terror,211
u06748,CienciaFiccion,142
u06749,Drama,231
u06750,Terror,161
u06751,Romance,302
u06752,Accion,296
u06753,Animacion,289
u06754,Accion,250
u06755,Accion,422
u06756,Romance,258
u06757,Romance,394
u06758,Terror,256
u06759,Documental,66
u06760,Drama,471
u06761,Terror,143
u06762,Documental,47
u06763,Accion,62
u06764,Drama,342
u06765,Terror,47
u06766,CienciaFiccion,235
u06767,Drama,22
u06768,Animacion,87
u06769,Drama,34
u06770,Terror,496
u06771,Drama,439
u06772,Accion,103
u06773,Terror,311
u06774,Drama,457
u06775,Animacion,359
u06776,Romance,42
u06777,Accion,108
u06778,Comedia,7
u06779,Comedia,139
u06780,Comedia,489
u06781,Romance,148
u06782,CienciaFiccion,327
u06783,Documental,219
u06784,Documental,327
u06785,Animacion,372
u06786,Drama,367
u06787,Terror,452
u06788,CienciaFiccion,84
u06789,Drama,478
u06790,Terror,495
u06791,Documental,429
u06792,Drama,195
u06793,Animacion,290
u06794,Comedia,40
u06795,Comedia,121
u06796,Animacion,335
u06797,Accion,83
u06798,CienciaFiccion,237
u06799,Comedia,234
u06800,Animacion,190
u06801,Animacion,288
u06802,Romance,372
u06803,Romance,250
u06804,Drama,175
u06805,Comedia,413
u06806,Accion,458
u06807,CienciaFiccion,134
u06808,Documental,270
u06809,Drama,400
u06810,Drama,55
u06811,CienciaFiccion,368
u06812,Accion,338
u06813,Drama,152
u06814,Romance,219
u06815,Animacion,146
u06816,Accion,350
u06817,CienciaFiccion,279
u06818,CienciaFiccion,485
u06819,Terror,220
u06820,Accion,308
u06821,Accion,413
u06822,Accion,422
u06823,CienciaFiccion,258
u06824,Terror,121
u06825,CienciaFiccion,48
u06826,Drama,298
u06827,Documental,224
u06828,Accion,477
u06829,Accion,106
u06830,Romance,171
u06831,Drama,477
u06832,Romance,494
u06833,Animacion,301
u06834,CienciaFiccion,350
u06835,Romance,325
u06836,Accion,360
u06837,Animacion,380
u06838,Accion,169
u06839,Accion,432
u06840,Comedia,175
u06841,Drama,361
u06842,Comedia,367
u06843,Animacion,402
u06844,Romance,28
u06845,Documental,133
u06846,Documental,163
u06847,CienciaFiccion,471
u06848,Animacion,254
u06849,Comedia,429
u06850,Accion,383
u06851,Comedia,421
u06852,Accion,21
u06853,Documental,400
u06854,Animacion,265
u06855,Comedia,383
u06856,Romance,398
u06857,CienciaFiccion,227
u06858,Accion,387
u06859,Accion,435
u06860,Romance,229
u06861,CienciaFiccion,41
u06862,CienciaFiccion,251
u06863,Documental,242
u06864,Terror,231
u06865,Comedia,331
u06866,Comedia,465
u06867,Comedia,266
u06868,Drama,2
u06869,CienciaFiccion,103
u06870,Animacion,163
u06871,Accion,243
u06872,Drama,160
u06873,Documental,298
u06874,Terror,159
u06875,CienciaFiccion,304
u06876,Animacion,484
u06877,Accion,379
u06878,CienciaFiccion,495
u06879,Documental,54
u06880,Terror,376
u06881,Accion,210
u06882,Accion,466
u06883,Romance,27
u06884,Romance,487
u06885,Documental,47
u06886,Terror,24
u06887,Romance,127
u06888,Terror,400
u06889,Accion,262
u06890,Romance,419
u06891,Accion,271
u06892,Terror,211
u06893,Drama,336
u06894,Documental,206
u06895,Romance,481
u06896,Terror,431
u06897,Animacion,252
u06898,Romance,307
u06899,Comedia,366
u06900,Documental,405
u06901,Drama,64
u06902,Comedia,455
u06903,Documental,35
u06904,Accion,269
u06905,Drama,19
u06906,CienciaFiccion,377
u06907,Accion,56
u06908,CienciaFiccion,431
u06909,Drama,415
u06910,Accion,396
u06911,Terror,410
u06912,Documental,53
u06913,Romance,310
u06914,Drama,164
u06915,Comedia,26
u06916,Animacion,107
u06917,Terror,282
u06918,Animacion,366
u06919,Comedia,308
u06920,Animacion,257
u06921,Romance,185
u06922,Romance,126
u06923,CienciaFiccion,8
u06924,Accion,396
u06925,Accion,104
u06926,Documental,127
u06927,Terror,359
u06928,Comedia,239
u06929,Documental,335
u06930,Animacion,132
u06931,CienciaFiccion,32
u06932,Animacion,300
u06933,Animacion,21
u06934,Documental,469
u06935,Comedia,161
u06936,Terror,46
u06937,Comedia,335
u06938,Animacion,178
u06939,Terror,500
u06940,Romance,357
u06941,Animacion,55
u06942,Drama,78
u06943,Animacion,246
u06944,Animacion,148
u06945,Terror,277
u06946,Accion,201
u06947,Terror,145
u06948,Drama,110
u06949,Terror,118
u06950,CienciaFiccion,494
u06951,CienciaFiccion,14
u06952,CienciaFiccion,294
u06953,Terror,384
u06954,CienciaFiccion,116
u06955,Drama,434
u06956,Romance,205
u06957,CienciaFiccion,33
u06958,Terror,489
u06959,Documental,25
u06960,Terror,202
u06961,CienciaFiccion,309
u06962,Animacion,451
u06963,Terror,308
u06964,Romance,310
u06965,Drama,192
u06966,Animacion,261
u06967,Documental,395
u06968,Comedia,231
u06969,CienciaFiccion,366
u06970,Romance,154
u06971,CienciaFiccion,256
u06972,Animacion,435
u06973,Animacion,361
u06974,Drama,403
u06975,Romance,102
u06976,Romance,339
u06977,Drama,422
u06978,Romance,253
u06979,Comedia,477
u06980,Accion,399
u06981,Comedia,341
u06982,Documental,87
u06983,Accion,196
u06984,Documental,44
u06985,Terror,485
u06986,Romance,155
u06987,Documental,395
u06988,Romance,474
u06989,Drama,168
u06990,Documental,151
u06991,Comedia,90
u06992,Accion,73
u06993,Accion,196
u06994,Accion,385
u06995,Romance,307
u06996,Terror,232
u06997,CienciaFiccion,202
u06998,Documental,108
u06999,Romance,13
u07000,Comedia,142
u07001,Accion,277
u07002,CienciaFiccion,438
u07003,Accion,218
u07004,Accion,309
u07005,Animacion,358
u07006,CienciaFiccion,231
u07007,Drama,67
u07008,Animacion,364
u07009,CienciaFiccion,333
u07010,Romance,295
u07011,Romance,453
u07012,Comedia,157
u07013,Documental,351
u07014,Animacion,23
u07015,Animacion,71
u07016,Animacion,291
u07017,Drama,233
u07018,Documental,437
u07019,Comedia,377
u07020,Terror,144
u07021,Terror,10
u07022,Documental,252
u07023,Drama,442
u07024,Documental,7
u07025,CienciaFiccion,293
u07026,Comedia,7
u07027,Animacion,16
u07028,Comedia,216
u07029,Romance,13
u07030,CienciaFiccion,464
u07031,Romance,81
u07032,Documental,342
u07033,Drama,302
u07034,Comedia,423
u07035,Accion,193
u07036,Terror,405
u07037,Accion,347
u07038,Drama,67
u07039,Comedia,25
u07040,Romance,183
u07041,Terror,312
u07042,Accion,239
u07043,Accion,77
u07044,Animacion,432
u07045,Terror,220
u07046,Comedia,17
u07047,Documental,237
u07048,Accion,52
u07049,CienciaFiccion,70
u07050,Terror,178
u07051,Animacion,233
u07052,Romance,177
u07053,CienciaFiccion,348
u07054,Terror,187
u07055,CienciaFiccion,311
u07056,Drama,89
u07057,Terror,269
u07058,Animacion,204
u07059,Comedia,470
u07060,Animacion,87
u07061,Accion,100
u07062,Romance,77
u07063,Terror,99
u07064,CienciaFiccion,297
u07065,Comedia,309
u07066,Documental,78
u07067,Documental,98
u07068,Terror,239
u07069,Accion,277
u07070,Comedia,124
u07071,Documental,290
u07072,Accion,79
u07073,Terror,4
u07074,Drama,495
u07075,Comedia,201
u07076,Comedia,62
u07077,Drama,48
u07078,Drama,470
u07079,Animacion,300
u07080,Romance,123
u07081,Accion,438
u07082,Drama,119
u07083,Terror,66
u07084,Romance,113
u07085,CienciaFiccion,475
u07086,Animacion,157
u07087,Terror,99
u07088,Comedia,348
u07089,Drama,317
u07090,Accion,352
u07091,Drama,463
u07092,Comedia,110
u07093,Documental,6
u07094,Documental,359
u07095,Comedia,317
u07096,Animacion,253
u07097,Romance,422
u07098,Terror,21
u07099,Romance,272
u07100,Animacion,318
u07101,CienciaFiccion,271
u07102,Romance,146
u07103,Terror,229
u07104,Drama,192
u07105,Romance,472
u07106,Terror,259
u07107,CienciaFiccion,418
u07108,Terror,352
u07109,Accion,82
u07110,Comedia,80
u07111,Comedia,471
u07112,Comedia,113
u07113,Documental,316
u07114,Romance,226
u07115,Drama,44
u07116,Accion,84
u07117,Drama,13
u07118,Terror,377
u07119,Documental,297
u07120,Accion,182
u07121,Comedia,22
u07122,Accion,300
u07123,Accion,83
u07124,Documental,86
u07125,Accion,280
u07126,Animacion,6
u07127,Terror,495
u07128,Romance,302
u07129,Terror,337
u07130,Drama,293
u07131,Documental,300
u07132,Drama,133
u07133,Animacion,168
u07134,Accion,245
u07135,Animacion,361
u07136,Drama,255
u07137,Terror,279
u07138,Animacion,359
u07139,Documental,446
u07140,Animacion,225
u07141,Terror,135
u07142,Accion,134
u07143,Drama,180
u07144,Romance,290
u07145,Animacion,180
u07146,Comedia,343
u07147,Comedia,239
u07148,Terror,222
u07149,Accion,114
u07150,Terror,458
u07151,Documental,319
u07152,Documental,413
u07153,CienciaFiccion,439
u07154,Terror,190
u07155,CienciaFiccion,177
u07156,Accion,212
u07157,Romance,402
u07158,Comedia,358
u07159,Comedia,354
u07160,Comedia,114
u07161,Drama,216
u07162,Documental,199
u07163,Romance,296
u07164,Terror,376
u07165,Terror,111
u07166,Terror,140
u07167,CienciaFiccion,393
u07168,Animacion,154
u07169,Terror,201
u07170,Romance,90
u07171,CienciaFiccion,21
u07172,CienciaFiccion,427
u07173,Comedia,252
u07174,Animacion,408
u07175,CienciaFiccion,141
u07176,Comedia,236
u07177,Drama,462
u07178,Terror,344
u07179,Terror,24
u07180,Animacion,467
u07181,Documental,76
u07182,Romance,307
u07183,Romance,240
u07184,Drama,325
u07185,Romance,390
u07186,Romance,441
u07187,Romance,217
u07188,Accion,456
u07189,Terror,405
u07190,Documental,200
u07191,Terror,155
u07192,CienciaFiccion,45
u07193,Drama,494
u07194,Accion,280
u07195,CienciaFiccion,425
u07196,Terror,48
u07197,Terror,403
u07198,Romance,391
u07199,Animacion,167
u07200,Drama,169
u07201,CienciaFiccion,103
u07202,Terror,150
u07203,CienciaFiccion,356
u07204,Comedia,394
u07205,Documental,97
u07206,Animacion,437
u07207,Documental,238
u07208,Terror,106
u07209,Terror,125
u07210,Accion,481
u07211,CienciaFiccion,295
u07212,Comedia,288
u07213,Romance,155
u07214,Accion,214
u07215,Romance,186
u07216,Terror,327
u07217,Terror,422
u07218,Animacion,206
u07219,Romance,281
u07220,Drama,396
u07221,Animacion,341
u07222,Comedia,400
u07223,Comedia,100
u07224,Animacion,426
u07225,Comedia,399
u07226,Animacion,127
u07227,Drama,461
u07228,Accion,164
u07229,CienciaFiccion,402
u07230,Documental,420
u07231,Romance,492
u07232,Drama,488
u07233,Documental,409
u07234,CienciaFiccion,141
u07235,Comedia,322
u07236,Animacion,305
u07237,Documental,98
u07238,Animacion,175
u07239,Comedia,148
u07240,Romance,144
u07241,Drama,454
u07242,Terror,338
u07243,Drama,409
u07244,Comedia,473
u07245,Accion,204
u07246,Terror,158
u07247,Terror,187
u07248,CienciaFiccion,267
u07249,Romance,169
u07250,CienciaFiccion,347
u07251,Animacion,255
u07252,Comedia,470
u07253,Accion,105
u07254,Terror,321
u07255,CienciaFiccion,34
u07256,Documental,183
u07257,Accion,45
u07258,Comedia,290
u07259,Comedia,355
u07260,Animacion,199
u07261,Drama,357
u07262,Romance,180
u07263,CienciaFiccion,279
u07264,Accion,134
u07265,Romance,376
u07266,Documental,48
u07267,Documental,261
u07268,Comedia,337
u07269,Animacion,449
u07270,Comedia,253
u07271,Accion,401
u07272,Romance,298
u07273,Comedia,30
u07274,Terror,325
u07275,Romance,158
u07276,Animacion,11
u07277,CienciaFiccion,155
u07278,Comedia,100
u07279,Comedia,331
u07280,CienciaFiccion,6
u07281,Documental,39
u07282,Accion,190
u07283,Documental,414
u07284,Terror,156
u07285,Documental,316
u07286,Comedia,319
u07287,Animacion,160
u07288,Documental,183
u07289,Accion,410
u07290,CienciaFiccion,113
u07291,Documental,462
u07292,Documental,197
u07293,CienciaFiccion,237
u07294,Comedia,193
u07295,CienciaFiccion,360
u07296,Drama,150
u07297,Drama,231
u07298,Drama,271
u07299,Drama,65
u07300,Accion,467
u07301,CienciaFiccion,387
u07302,Terror,226
u07303,Animacion,142
u07304,Terror,333
u07305,Animacion,198
u07306,Comedia,473
u07307,Animacion,84
u07308,Romance,222
u07309,Romance,305
u07310,Animacion,6
u07311,Terror,171
u07312,Animacion,478
u07313,Terror,139
u07314,Comedia,125
u07315,Romance,141
u07316,Documental,251
u07317,Animacion,371
u07318,Documental,350
u07319,Animacion,406
u07320,CienciaFiccion,182
u07321,Comedia,391
u07322,Accion,75
u07323,Documental,301
u07324,Comedia,339
u07325,Animacion,132
u07326,Documental,231
u07327,Accion,257
u07328,Accion,467
u07329,Romance,39
u07330,CienciaFiccion,356
u07331,Animacion,409
u07332,CienciaFiccion,184
u07333,CienciaFiccion,23
u07334,Documental,356
u07335,Documental,313
u07336,Documental,466
u07337,Drama,348
u07338,Romance,341
u07339,Comedia,220
u07340,Romance,203
u07341,Accion,334
u07342,CienciaFiccion,61
u07343,Terror,251
u07344,Comedia,216
u07345,Drama,428
u07346,Animacion,251
u07347,Drama,111
u07348,Romance,28
u07349,Drama,60
u07350,Documental,170
u07351,CienciaFiccion,397
u07352,Accion,207
u07353,Terror,290
u07354,Romance,23
u07355,Accion,177
u07356,CienciaFiccion,438
u07357,Comedia,88
u07358,Documental,71
u07359,Terror,439
u07360,Animacion,354
u07361,Romance,385
u07362,Animacion,211
u07363,Documental,129
u07364,Documental,44
u07365,Terror,226
u07366,Documental,417
u07367,Accion,353
u07368,Accion,391
u07369,Accion,229
u07370,Animacion,329
u07371,Animacion,258
u07372,Accion,449
u07373,Romance,351
u07374,Accion,439
u07375,Romance,17
u07376,Romance,376
u07377,CienciaFiccion,17
u07378,Accion,207
u07379,Drama,259
u07380,Comedia,93
u07381,Documental,286
u07382,Comedia,480
u07383,Documental,361
u07384,Drama,198
u07385,CienciaFiccion,373
u07386,Romance,186
u07387,Documental,218
u07388,Animacion,194
u07389,Documental,336
u07390,CienciaFiccion,73
u07391,Terror,385
u07392,Documental,487
u07393,CienciaFiccion,497
u07394,Romance,161
u07395,Documental,325
u07396,CienciaFiccion,229
u07397,Comedia,327
u07398,Documental,461
u07399,Romance,324
u07400,Accion,433
u07401,Comedia,343
u07402,Romance,154
u07403,Romance,320
u07404,Documental,8
u07405,Accion,56
u07406,CienciaFiccion,422
u07407,Documental,29
u07408,Romance,11
u07409,Terror,3
u07410,Drama,492
u07411,Comedia,473
u07412,Romance,171
u07413,Animacion,148
u07414,Drama,393
u07415,Animacion,396
u07416,Comedia,325
u07417,Animacion,83
u07418,Documental,72
u07419,Accion,167
u07420,Drama,473
u07421,Terror,342
u07422,Documental,85
u07423,Accion,496
u07424,Romance,52
u07425,Romance,130
u07426,Drama,82
u07427,Romance,276
u07428,Comedia,102
u07429,Drama,1
u07430,CienciaFiccion,268
u07431,Animacion,328
u07432,Drama,276
u07433,Accion,29
u07434,Accion,191
u07435,Documental,57
u07436,Documental,318
u07437,Comedia,415
u07438,Animacion,199
u07439,CienciaFiccion,23
u07440,CienciaFiccion,438
u07441,Terror,263
u07442,Documental,471
u07443,Drama,295
u07444,Documental,384
u07445,Documental,239
u07446,Documental,260
u07447,CienciaFiccion,35
u07448,Romance,71
u07449,Accion,360
u07450,Accion,298
u07451,Accion,59
u07452,Documental,398
u07453,Documental,4
u07454,Accion,387
u07455,Romance,57
u07456,CienciaFiccion,407
u07457,CienciaFiccion,326
u07458,CienciaFiccion,262
u07459,Drama,59
u07460,Romance,365
u07461,Romance,139
u07462,Comedia,267
u07463,Animacion,358
u07464,Animacion,484
u07465,Documental,430
u07466,Drama,59
u07467,Accion,500
u07468,Romance,127
u07469,Documental,450
u07470,Animacion,372
u07471,Terror,51
u07472,Animacion,465
u07473,Animacion,372
u07474,Terror,398
u07475,Documental,321
u07476,Comedia,53
u07477,Documental,2
u07478,Comedia,141
u07479,Documental,306
u07480,CienciaFiccion,177
u07481,Terror,155
u07482,Comedia,50
u07483,Accion,136
u07484,Comedia,42
u07485,Animacion,99
u07486,Documental,476
u07487,Drama,123
u07488,Comedia,415
u07489,CienciaFiccion,439
u07490,CienciaFiccion,437
u07491,Romance,248
u07492,Accion,92
u07493,Romance,363
u07494,Drama,67
u07495,Accion,175
u07496,CienciaFiccion,351
u07497,Animacion,474
u07498,Animacion,79
u07499,Romance,142
u07500,Terror,390
u07501,CienciaFiccion,156
u07502,Comedia,451
u07503,Animacion,319
u07504,Terror,140
u07505,Accion,360
u07506,Drama,281
u07507,Comedia,383
u07508,Terror,130
u07509,Documental,55
u07510,CienciaFiccion,129
u07511,Comedia,224
u07512,Accion,367
u07513,Comedia,150
u07514,Drama,86
u07515,Terror,163
u07516,Comedia,480
u07517,Accion,254
u07518,Terror,431
u07519,Animacion,454
u07520,Comedia,14
u07521,Comedia,439
u07522,Drama,265
u07523,Terror,77
u07524,Romance,209
u07525,Comedia,22
u07526,CienciaFiccion,399
u07527,Comedia,412
u07528,Terror,333
u07529,Animacion,182
u07530,CienciaFiccion,366
u07531,Romance,172
u07532,Animacion,225
u07533,CienciaFiccion,117
u07534,Accion,149
u07535,Drama,254
u07536,Terror,191
u07537,Comedia,332
u07538,Comedia,486
u07539,Documental,431
u07540,Documental,189
u07541,Animacion,363
u07542,Documental,10
u07543,Comedia,40
u07544,CienciaFiccion,463
u07545,Accion,131
u07546,Drama,66
u07547,Comedia,78
u07548,Romance,104
u07549,Animacion,496
u07550,Drama,304
u07551,Romance,24
u07552,Accion,477
u07553,Accion,342
u07554,Romance,426
u07555,Romance,371
u07556,CienciaFiccion,21
u07557,Animacion,165
u07558,Animacion,3
u07559,Terror,422
u07560,Comedia,155
u07561,Comedia,241
u07562,Comedia,173
u07563,Documental,50
u07564,Terror,217
u07565,Drama,172
u07566,Drama,499
u07567,Comedia,486
u07568,Comedia,432
u07569,Romance,231
u07570,Comedia,224
u07571,Romance,129
u07572,Documental,288
u07573,Drama,25
u07574,CienciaFiccion,311
u07575,Romance,160
u07576,Comedia,454
u07577,CienciaFiccion,375
u07578,Comedia,212
u07579,Comedia,320
u07580,CienciaFiccion,301
u07581,Comedia,328
u07582,Terror,412
u07583,Romance,210
u07584,Animacion,125
u07585,CienciaFiccion,31
u07586,CienciaFiccion,367
u07587,Animacion,383
u07588,Terror,92
u07589,CienciaFiccion,305
u07590,Accion,18
u07591,Comedia,495
u07592,Romance,425
u07593,Accion,285
u07594,Documental,214
u07595,Drama,400
u07596,Documental,488
u07597,Accion,456
u07598,CienciaFiccion,164
u07599,Terror,322
u07600,Accion,21
u07601,CienciaFiccion,20
u07602,Terror,421
u07603,Documental,6
u07604,Documental,19
u07605,Accion,209
u07606,Drama,248
u07607,Romance,380
u07608,Drama,196
u07609,CienciaFiccion,433
u07610,Drama,321
u07611,Comedia,96
u07612,Terror,6
u07613,Drama,73
u07614,Accion,421
u07615,CienciaFiccion,46
u07616,Comedia,193
u07617,Accion,251
u07618,Romance,309
u07619,Accion,52
u07620,Accion,410
u07621,Accion,490
u07622,Romance,202
u07623,Animacion,381
u07624,Documental,105
u07625,Terror,455
u07626,Drama,500
u07627,Documental,204
u07628,CienciaFiccion,473
u07629,Documental,486
u07630,Documental,436
u07631,Romance,111
u07632,Romance,285
u07633,Comedia,412
u07634,Animacion,48
u07635,Documental,374
u07636,Comedia,485
u07637,Comedia,131
u07638,Romance,446
u07639,CienciaFiccion,163
u07640,Romance,23
u07641,Terror,418
u07642,Animacion,225
u07643,Comedia,256
u07644,Romance,135
u07645,CienciaFiccion,272
u07646,Documental,34
u07647,CienciaFiccion,41
u07648,Accion,401
u07649,Documental,415
u07650,Drama,327
u07651,Comedia,359
u07652,Drama,174
u07653,Comedia,441
u07654,Documental,291
u07655,CienciaFiccion,475
u07656,Documental,413
u07657,CienciaFiccion,102
u07658,Terror,441
u07659,Comedia,5
u07660,Comedia,111
u07661,Romance,102
u07662,Accion,50
u07663,CienciaFiccion,168
u07664,Documental,124
u07665,Documental,365
u07666,Animacion,362
u07667,Animacion,274
u07668,Comedia,409
u07669,Romance,199
u07670,Terror,244
u07671,CienciaFiccion,380
u07672,Drama,410
u07673,Documental,153
u07674,Animacion,296
u07675,Accion,119
u07676,Comedia,252
u07677,Documental,89
u07678,Animacion,468
u07679,Accion,152
u07680,Comedia,427
u07681,Terror,371
u07682,Comedia,290
u07683,Accion,6
u07684,Comedia,354
u07685,Drama,281
u07686,Documental,396
u07687,Terror,189
u07688,Documental,496
u07689,Romance,39
u07690,Comedia,339
u07691,Romance,16
u07692,Romance,464
u07693,CienciaFiccion,371
u07694,CienciaFiccion,48
u07695,Documental,392
u07696,Animacion,409
u07697,CienciaFiccion,438
u07698,Romance,455
u07699,Romance,373
u07700,CienciaFiccion,24
u07701,CienciaFiccion,434
u07702,Drama,119
u07703,Drama,198
u07704,Documental,447
u07705,Drama,361
u07706,Comedia,494
u07707,Accion,219
u07708,Romance,40
u07709,Drama,284
u07710,Documental,429
u07711,Accion,141
u07712,Drama,338
u07713,Drama,56
u07714,CienciaFiccion,10
u07715,Animacion,300
u07716,CienciaFiccion,42
u07717,Terror,246
u07718,Romance,179
u07719,Documental,355
u07720,Documental,219
u07721,Accion,245
u07722,Documental,293
u07723,Comedia,9
u07724,CienciaFiccion,151
u07725,CienciaFiccion,451
u07726,Romance,152
u07727,Animacion,354
u07728,Drama,229
u07729,Animacion,233
u07730,Comedia,61
u07731,CienciaFiccion,18
u07732,Romance,414
u07733,Accion,392
u07734,CienciaFiccion,391
u07735,Comedia,355
u07736,Terror,83
u07737,Comedia,302
u07738,Documental,42
u07739,Terror,257
u07740,Documental,461
u07741,Drama,251
u07742,Terror,325
u07743,Animacion,32
u07744,Animacion,365
u07745,Animacion,217
u07746,Comedia,401
u07747,Animacion,3
u07748,Romance,228
u07749,Documental,456
u07750,CienciaFiccion,103
u07751,CienciaFiccion,342
u07752,Animacion,170
u07753,Drama,185
u07754,Terror,247
u07755,Accion,160
u07756,Terror,495
u07757,CienciaFiccion,26
u07758,Romance,376
u07759,Romance,475
u07760,Accion,172
u07761,Accion,496
u07762,Romance,223
u07763,Accion,374
u07764,Comedia,299
u07765,Accion,294
u07766,CienciaFiccion,410
u07767,Comedia,485
u07768,Documental,224
u07769,Documental,154
u07770,Documental,149
u07771,Documental,92
u07772,Drama,53
u07773,Comedia,486
u07774,Romance,413
u07775,Drama,324
u07776,Accion,126
u07777,CienciaFiccion,332
u07778,Comedia,330
u07779,Documental,111
u07780,Comedia,268
u07781,Romance,465
u07782,Romance,390
u07783,Comedia,50
u07784,CienciaFiccion,403
u07785,Terror,376
u07786,Documental,272
u07787,Accion,288
u07788,Accion,255
u07789,Drama,213
u07790,Terror,371
u07791,CienciaFiccion,102
u07792,Romance,359
u07793,Terror,371
u07794,Comedia,177
u07795,Terror,423
u07796,CienciaFiccion,200
u07797,CienciaFiccion,156
u07798,Romance,167
u07799,Terror,455
u07800,Comedia,382
u07801,Comedia,289
u07802,CienciaFiccion,417
u07803,Romance,239
u07804,Accion,491
u07805,Drama,349
u07806,Accion,368
u07807,Documental,378
u07808,CienciaFiccion,192
u07809,Accion,100
u07810,Terror,499
u07811,Drama,383
u07812,Romance,459
u07813,Animacion,192
u07814,Documental,461
u07815,Animacion,166
u07816,Terror,498
u07817,Terror,265
u07818,Romance,347
u07819,Comedia,141
u07820,Documental,246
u07821,Terror,11
u07822,Comedia,372
u07823,Animacion,99
u07824,Accion,469
u07825,Drama,361
u07826,Romance,306
u07827,Terror,156
u07828,Accion,111
u07829,CienciaFiccion,394
u07830,Terror,67
u07831,CienciaFiccion,378
u07832,Terror,31
u07833,CienciaFiccion,313
u07834,Terror,473
u07835,Drama,245
u07836,Accion,448
u07837,CienciaFiccion,200
u07838,Drama,85
u07839,Accion,383
u07840,Accion,374
u07841,Comedia,168
u07842,Documental,20
u07843,Documental,145
u07844,Comedia,404
u07845,Drama,465
u07846,Comedia,472
u07847,Accion,261
u07848,Romance,319
u07849,CienciaFiccion,269
u07850,Comedia,127
u07851,Terror,232
u07852,Comedia,461
u07853,Romance,82
u07854,Accion,342
u07855,Accion,205
u07856,Documental,187
u07857,CienciaFiccion,237
u07858,Documental,75
u07859,Animacion,355
u07860,Animacion,382
u07861,Accion,151
u07862,CienciaFiccion,122
u07863,Romance,272
u07864,Terror,394
u07865,Terror,407
u07866,Animacion,450
u07867,CienciaFiccion,101
u07868,Comedia,458
u07869,CienciaFiccion,200
u07870,Drama,474
u07871,Terror,421
u07872,CienciaFiccion,58
u07873,Terror,141
u07874,Terror,51
u07875,Animacion,452
u07876,Documental,227
u07877,Comedia,63
u07878,CienciaFiccion,15
u07879,Accion,251
u07880,Accion,443
u07881,Animacion,446
u07882,Animacion,452
u07883,Terror,356
u07884,Documental,122
u07885,Accion,143
u07886,Terror,134
u07887,Terror,2
u07888,Animacion,445
u07889,Comedia,432
u07890,Documental,52
u07891,Animacion,266
u07892,Documental,329
u07893,Romance,285
u07894,Documental,59
u07895,Documental,154
u07896,Animacion,29
u07897,Drama,57
u07898,Animacion,69
u07899,Documental,193
u07900,Accion,156
u07901,Animacion,311
u07902,Romance,388
u07903,Comedia,388
u07904,Terror,307
u07905,Animacion,5
u07906,Animacion,248
u07907,CienciaFiccion,22
u07908,CienciaFiccion,33
u07909,Accion,300
u07910,Documental,118
u07911,CienciaFiccion,458
u07912,CienciaFiccion,461
u07913,Drama,141
u07914,Drama,366
u07915,Drama,256
u07916,Drama,198
u07917,CienciaFiccion,358
u07918,Terror,324
u07919,Romance,494
u07920,CienciaFiccion,458
u07921,Documental,486
u07922,Accion,331
u07923,Romance,136
u07924,Animacion,141
u07925,Animacion,269
u07926,Accion,477
u07927,Animacion,390
u07928,Comedia,22
u07929,Terror,287
u07930,CienciaFiccion,282
u07931,Terror,168
u07932,CienciaFiccion,433
u07933,Documental,204
u07934,Comedia,23
u07935,CienciaFiccion,40
u07936,Romance,466
u07937,Terror,241
u07938,Accion,154
u07939,Terror,154
u07940,Romance,35
u07941,CienciaFiccion,359
u07942,CienciaFiccion,446
u07943,Terror,119
u07944,Documental,402
u07945,Accion,227
u07946,Drama,268
u07947,CienciaFiccion,161
u07948,Documental,137
u07949,Documental,85
u07950,Comedia,194
u07951,Romance,227
u07952,Terror,111
u07953,Terror,48
u07954,Drama,272
u07955,Terror,93
u07956,Drama,407
u07957,Romance,442
u07958,Comedia,236
u07959,Terror,333
u07960,Romance,208
u07961,Accion,231
u07962,Terror,230
u07963,Terror,169
u07964,Documental,374
u07965,Drama,170
u07966,Comedia,408
u07967,Animacion,175
u07968,Accion,41
u07969,Terror,334
u07970,Animacion,213
u07971,Drama,16
u07972,Romance,360
u07973,Animacion,180
u07974,Documental,335
u07975,Animacion,42
u07976,Drama,197
u07977,Comedia,227
u07978,Terror,183
u07979,CienciaFiccion,374
u07980,Terror,390
u07981,Drama,396
u07982,Drama,118
u07983,CienciaFiccion,475
u07984,Romance,283
u07985,Drama,451
u07986,CienciaFiccion,285
u07987,Animacion,478
u07988,Documental,86
u07989,Comedia,271
u07990,Romance,284
u07991,Accion,144
u07992,Comedia,426
u07993,CienciaFiccion,461
u07994,Comedia,298
u07995,Documental,162
u07996,Accion,232
u07997,Romance,447
u07998,Accion,410
u07999,CienciaFiccion,80
u08000,Comedia,406
u08001,Terror,255
u08002,Animacion,170
u08003,Romance,155
u08004,CienciaFiccion,295
u08005,Terror,275
u08006,Comedia,383
u08007,Romance,259
u08008,CienciaFiccion,145
u08009,Romance,284
u08010,Drama,293
u08011,CienciaFiccion,281
u08012,Animacion,112
u08013,Animacion,361
u08014,Animacion,241
u08015,CienciaFiccion,203
u08016,Animacion,168
u08017,Accion,375
u08018,CienciaFiccion,236
u08019,Animacion,221
u08020,Animacion,199
u08021,Drama,202
u08022,Comedia,376
u08023,Drama,455
u08024,Comedia,218
u08025,Romance,179
u08026,Comedia,422
u08027,Accion,416
u08028,Drama,49
u08029,Terror,187
u08030,Drama,318
u08031,Comedia,62
u08032,Animacion,413
u08033,Comedia,335
u08034,Animacion,55
u08035,CienciaFiccion,27
u08036,CienciaFiccion,48
u08037,Animacion,113
u08038,Drama,414
u08039,Drama,91
u08040,Comedia,465
u08041,Accion,96
u08042,Romance,475
u08043,CienciaFiccion,2
u08044,Comedia,440
u08045,Animacion,382
u08046,Romance,297
u08047,Drama,236
u08048,Romance,104
u08049,Terror,358
u08050,Comedia,215
u08051,Romance,463
u08052,Terror,262
u08053,Animacion,436
u08054,Comedia,356
u08055,Terror,250
u08056,Comedia,140
u08057,Romance,189
u08058,CienciaFiccion,3
u08059,Comedia,229
u08060,Drama,303
u08061,Terror,228
u08062,Accion,311
u08063,CienciaFiccion,275
u08064,Drama,100
u08065,Accion,148
u08066,Romance,60
u08067,Romance,337
u08068,Accion,372
u08069,Animacion,456
u08070,Terror,288
u08071,Romance,268
u08072,Drama,373
u08073,Documental,489
u08074,Romance,59
u08075,Documental,473
u08076,Romance,125
u08077,Documental,26
u08078,Animacion,370
u08079,Accion,215
u08080,Documental,263
u08081,Romance,165
u08082,Documental,9
u08083,CienciaFiccion,44
u08084,Drama,410
u08085,Romance,487
u08086,Documental,219
u08087,CienciaFiccion,176
u08088,Animacion,134
u08089,CienciaFiccion,341
u08090,Terror,183
u08091,Drama,357
u08092,Animacion,414
u08093,Romance,300
u08094,CienciaFiccion,301
u08095,Documental,80
u08096,Drama,313
u08097,Accion,153
u08098,Accion,266
u08099,Romance,361
u08100,Accion,252
u08101,CienciaFiccion,50
u08102,Drama,179
u08103,CienciaFiccion,318
u08104,Drama,414
u08105,Romance,78
u08106,Accion,437
u08107,Documental,246
u08108,Drama,483
u08109,Drama,82
u08110,Documental,63
u08111,Drama,53
u08112,Drama,222
u08113,Terror,434
u08114,Animacion,131
u08115,Terror,484
u08116,Drama,65
u08117,Terror,168
u08118,Accion,181
u08119,Drama,2
u08120,Accion,400
u08121,Documental,473
u08122,Terror,132
u08123,Terror,415
u08124,Comedia,313
u08125,Animacion,418
u08126,Animacion,53
u08127,CienciaFiccion,480
u08128,Romance,280
u08129,CienciaFiccion,133
u08130,Drama,148
u08131,CienciaFiccion,54
u08132,Drama,61
u08133,Romance,71
u08134,Terror,27
u08135,Comedia,310
u08136,Terror,497
u08137,CienciaFiccion,139
u08138,Romance,75
u08139,Romance,121
u08140,Accion,497
u08141,Drama,407
u08142,Romance,30
u08143,Romance,498
u08144,Accion,492
u08145,Accion,410
u08146,Drama,363
u08147,CienciaFiccion,498
u08148,CienciaFiccion,271
u08149,Documental,54
u08150,Drama,219
u08151,Drama,190
u08152,Animacion,308
u08153,CienciaFiccion,131
u08154,Animacion,419
u08155,CienciaFiccion,443
u08156,Comedia,242
u08157,Documental,102
u08158,Accion,162
u08159,Comedia,98
u08160,CienciaFiccion,301
u08161,Comedia,239
u08162,Comedia,294
u08163,Animacion,329
u08164,CienciaFiccion,431
u08165,Documental,70
u08166,CienciaFiccion,221
u08167,Romance,114
u08168,Terror,347
u08169,Terror,19
u08170,CienciaFiccion,1
u08171,Documental,371
u08172,Animacion,26
u08173,Romance,197
u08174,Accion,16
u08175,Romance,462
u08176,Drama,321
u08177,Animacion,57
u08178,Drama,50
u08179,Accion,326
u08180,Terror,235
u08181,Documental,85
u08182,Animacion,339
u08183,Terror,169
u08184,Romance,324
u08185,Animacion,111
u08186,Animacion,93
u08187,Documental,243
u08188,Drama,363
u08189,Animacion,46
u08190,Comedia,289
u08191,Comedia,392
u08192,Animacion,177
u08193,Romance,128
u08194,CienciaFiccion,389
u08195,Comedia,72
u08196,Animacion,188
u08197,Animacion,41
u08198,Romance,455
u08199,Comedia,449
u08200,Documental,212
u08201,CienciaFiccion,389
u08202,Romance,94
u08203,Documental,193
u08204,Accion,263
u08205,Accion,484
u08206,Drama,378
u08207,Romance,232
u08208,Comedia,292
u08209,Comedia,164
u08210,Comedia,14
u08211,CienciaFiccion,398
u08212,Accion,228
u08213,Accion,225
u08214,Romance,455
u08215,Comedia,488
u08216,Documental,53
u08217,Documental,262
u08218,Documental,27
u08219,Terror,498
u08220,Romance,17
u08221,Romance,63
u08222,Animacion,356
u08223,Documental,239
u08224,Terror,199
u08225,Terror,409
u08226,Terror,16
u08227,Documental,23
u08228,Romance,123
u08229,Documental,291
u08230,Terror,206
u08231,Comedia,416
u08232,Comedia,307
u08233,Animacion,233
u08234,CienciaFiccion,247
u08235,Comedia,419
u08236,Comedia,105
u08237,Comedia,277
u08238,Documental,220
u08239,Animacion,54
u08240,Documental,302
u08241,Romance,344
u08242,Accion,343
u08243,Comedia,316
u08244,Animacion,56
u08245,Accion,499
u08246,Accion,300
u08247,Animacion,52
u08248,Accion,144
u08249,Drama,319
u08250,Animacion,283
u08251,CienciaFiccion,364
u08252,Documental,356
u08253,Accion,440
u08254,Romance,306
u08255,Accion,123
u08256,Drama,275
u08257,Animacion,64
u08258,Documental,65
u08259,Comedia,405
u08260,CienciaFiccion,184
u08261,Documental,498
u08262,Terror,31
u08263,Animacion,368
u08264,Comedia,126
u08265,CienciaFiccion,377
u08266,CienciaFiccion,254
u08267,Comedia,97
u08268,Terror,200
u08269,Animacion,256
u08270,Terror,433
u08271,Documental,390
u08272,Drama,316
u08273,Animacion,421
u08274,Romance,264
u08275,Romance,165
u08276,Animacion,363
u08277,Accion,178
u08278,Romance,45
u08279,Terror,68
u08280,Drama,482
u08281,Drama,249
u08282,Animacion,429
u08283,Comedia,149
u08284,Comedia,320
u08285,Terror,176
u08286,Terror,26
u08287,Terror,224
u08288,Animacion,359
u08289,Accion,257
u08290,Documental,426
u08291,Comedia,334
u08292,Documental,290
u08293,Documental,262
u08294,Accion,239
u08295,Romance,399
u08296,Animacion,209
u08297,Terror,470
u08298,Drama,152
u08299,Accion,113
u08300,Drama,319
u08301,Comedia,166
u08302,Drama,480
u08303,Drama,103
u08304,Animacion,460
u08305,CienciaFiccion,79
u08306,Terror,359
u08307,Drama,22
u08308,Drama,31
u08309,Drama,248
u08310,Drama,285
u08311,Comedia,448
u08312,Accion,157
u08313,Accion,87
u08314,Romance,319
u08315,Drama,171
u08316,Drama,37
u08317,Accion,312
u08318,Documental,268
u08319,Romance,490
u08320,Comedia,301
u08321,Animacion,375
u08322,Drama,240
u08323,Animacion,263
u08324,Animacion,97
u08325,Animacion,243
u08326,Drama,402
u08327,Drama,286
u08328,Drama,150
u08329,CienciaFiccion,419
u08330,Romance,383
u08331,Comedia,272
u08332,Drama,384
u08333,Comedia,478
u08334,Documental,49
u08335,Romance,399
u08336,Accion,98
u08337,Terror,59
u08338,Accion,304
u08339,Animacion,425
u08340,Documental,45
u08341,Accion,458
u08342,Drama,384
u08343,Comedia,334
u08344,Terror,173
u08345,Romance,395
u08346,Romance,327
u08347,Terror,54
u08348,Drama,206
u08349,Comedia,316
u08350,Comedia,183
u08351,CienciaFiccion,124
u08352,Comedia,133
u08353,Animacion,372
u08354,CienciaFiccion,216
u08355,Comedia,192
u08356,CienciaFiccion,420
u08357,Comedia,255
u08358,Comedia,359
u08359,CienciaFiccion,392
u08360,Documental,104
u08361,Romance,58
u08362,Terror,339
u08363,Animacion,226
u08364,Romance,249
u08365,CienciaFiccion,259
u08366,Accion,390
u08367,Accion,136
u08368,Terror,292
u08369,Romance,8
u08370,Comedia,58
u08371,Documental,193
u08372,Drama,193
u08373,Drama,385
u08374,Accion,42
u08375,Documental,148
u08376,Accion,426
u08377,Romance,266
u08378,Comedia,15
u08379,Terror,15
u08380,Documental,439
u08381,CienciaFiccion,386
u08382,Romance,365
u08383,Romance,197
u08384,Romance,461
u08385,Terror,219
u08386,Drama,345
u08387,CienciaFiccion,357
u08388,Comedia,363
u08389,Terror,288
u08390,Animacion,18
u08391,Terror,363
u08392,Drama,423
u08393,Documental,301
u08394,Romance,178
u08395,CienciaFiccion,117
u08396,Accion,78
u08397,CienciaFiccion,464
u08398,CienciaFiccion,106
u08399,Comedia,215
u08400,Drama,88
u08401,Drama,107
u08402,Accion,354
u08403,Animacion,389
u08404,Comedia,8
u08405,Romance,444
u08406,CienciaFiccion,268
u08407,Romance,301
u08408,CienciaFiccion,368
u08409,Accion,269
u08410,Comedia,387
u08411,Accion,429
u08412,Romance,41
u08413,Romance,307
u08414,Drama,229
u08415,Accion,271
u08416,Terror,111
u08417,Drama,170
u08418,Documental,379
u08419,Romance,88
u08420,Romance,10
u08421,Drama,213
u08422,Accion,457
u08423,Animacion,179
u08424,Documental,224
u08425,Documental,38
u08426,Animacion,443
u08427,Drama,327
u08428,Comedia,361
u08429,Romance,243
u08430,Romance,12
u08431,Comedia,396
u08432,Comedia,492
u08433,CienciaFiccion,208
u08434,Drama,286
u08435,Animacion,318
u08436,Drama,137
u08437,Animacion,252
u08438,CienciaFiccion,53
u08439,Romance,237
u08440,CienciaFiccion,98
u08441,Terror,148
u08442,Documental,258
u08443,Romance,12
u08444,Accion,92
u08445,Documental,194
u08446,Romance,131
u08447,Terror,355
u08448,Animacion,94
u08449,CienciaFiccion,362
u08450,Drama,346
u08451,Comedia,378
u08452,Accion,310
u08453,CienciaFiccion,264
u08454,Terror,322
u08455,CienciaFiccion,316
u08456,Terror,182
u08457,Terror,148
u08458,Terror,4
u08459,Drama,393
u08460,Documental,121
u08461,Terror,157
u08462,Comedia,253
u08463,Comedia,415
u08464,Romance,336
u08465,Terror,349
u08466,Romance,154
u08467,Romance,338
u08468,Terror,152
u08469,Accion,235
u08470,Animacion,9
u08471,Comedia,64
u08472,CienciaFiccion,93
u08473,Accion,200
u08474,Documental,234
u08475,Romance,379
u08476,Accion,446
u08477,Drama,378
u08478,Drama,445
u08479,Accion,390
u08480,Romance,145
u08481,CienciaFiccion,286
u08482,Animacion,156
u08483,Terror,203
u08484,Terror,101
u08485,Animacion,49
u08486,CienciaFiccion,240
u08487,Accion,109
u08488,CienciaFiccion,328
u08489,Documental,271
u08490,Drama,357
u08491,Animacion,368
u08492,CienciaFiccion,397
u08493,Romance,35
u08494,Animacion,20
u08495,Accion,269
u08496,Drama,475
u08497,Documental,260
u08498,Comedia,488
u08499,CienciaFiccion,461
u08500,Comedia,56
u08501,Animacion,148
u08502,Romance,304
u08503,Accion,390
u08504,CienciaFiccion,122
u08505,Romance,193
u08506,Drama,478
u08507,Comedia,315
u08508,CienciaFiccion,52
u08509,Animacion,339
u08510,Accion,12
u08511,Terror,299
u08512,Terror,476
u08513,Comedia,202
u08514,Drama,128
u08515,Terror,371
u08516,CienciaFiccion,295
u08517,Drama,166
u08518,Terror,455
u08519,CienciaFiccion,193
u08520,Terror,149
u08521,Documental,495
u08522,Drama,260
u08523,Drama,74
u08524,Animacion,101
u08525,Documental,215
u08526,Documental,273
u08527,Documental,421
u08528,Drama,274
u08529,Documental,315
u08530,Accion,311
u08531,Romance,9
u08532,Accion,340
u08533,CienciaFiccion,186
u08534,Comedia,366
u08535,Animacion,420
u08536,Animacion,499
u08537,Animacion,251
u08538,CienciaFiccion,389
u08539,Terror,247
u08540,Accion,364
u08541,Animacion,41
u08542,Accion,76
u08543,Comedia,422
u08544,Animacion,216
u08545,Comedia,346
u08546,Comedia,118
u08547,Romance,241
u08548,Accion,360
u08549,Terror,397
u08550,Documental,145
u08551,CienciaFiccion,260
u08552,Comedia,75
u08553,CienciaFiccion,40
u08554,Terror,149
u08555,CienciaFiccion,68
u08556,Romance,38
u08557,Comedia,242
u08558,Romance,32
u08559,Animacion,172
u08560,Accion,281
u08561,CienciaFiccion,158
u08562,CienciaFiccion,27
u08563,Terror,45
u08564,Comedia,492
u08565,Comedia,356
u08566,Terror,447
u08567,Romance,417
u08568,Romance,84
u08569,CienciaFiccion,39
u08570,CienciaFiccion,204
u08571,Animacion,47
u08572,Animacion,86
u08573,Documental,205
u08574,Comedia,97
u08575,Drama,490
u08576,Terror,53
u08577,Documental,84
u08578,CienciaFiccion,2
u08579,Accion,52
u08580,Animacion,465
u08581,Romance,329
u08582,Comedia,62
u08583,Documental,406
u08584,Comedia,422
u08585,Terror,280
u08586,Animacion,69
u08587,Romance,425
u08588,Documental,277
u08589,Accion,153
u08590,Animacion,444
u08591,Accion,197
u08592,Romance,482
u08593,Animacion,381
u08594,Animacion,116
u08595,Animacion,248
u08596,CienciaFiccion,86
u08597,CienciaFiccion,495
u08598,Accion,268
u08599,Accion,151
u08600,Romance,403
u08601,Comedia,238
u08602,Terror,252
u08603,Accion,309
u08604,Romance,326
u08605,Romance,450
u08606,Romance,286
u08607,Romance,177
u08608,Terror,209
u08609,Romance,344
u08610,Comedia,40
u08611,Documental,97
u08612,Comedia,208
u08613,Romance,219
u08614,CienciaFiccion,106
u08615,Documental,105
u08616,Terror,114
u08617,Comedia,391
u08618,Accion,381
u08619,CienciaFiccion,283
u08620,Drama,22
u08621,Romance,17
u08622,Documental,347
u08623,Terror,17
u08624,CienciaFiccion,29
u08625,Accion,206
u08626,Drama,88
u08627,CienciaFiccion,303
u08628,CienciaFiccion,392
u08629,Terror,434
u08630,Drama,375
u08631,Documental,191
u08632,Accion,460
u08633,Comedia,103
u08634,Terror,253
u08635,Comedia,193
u08636,Animacion,335
u08637,Accion,277
u08638,Accion,164
u08639,Accion,238
u08640,CienciaFiccion,467
u08641,Romance,454
u08642,Accion,358
u08643,Documental,17
u08644,Animacion,15
u08645,Documental,298
u08646,Documental,68
u08647,Animacion,227
u08648,Accion,405
u08649,Drama,153
u08650,Accion,152
u08651,Drama,480
u08652,Accion,243
u08653,Accion,271
u08654,CienciaFiccion,190
u08655,Drama,63
u08656,Accion,338
u08657,Drama,77
u08658,Documental,306
u08659,Drama,27
u08660,Comedia,447
u08661,Documental,344
u08662,Romance,308
u08663,Documental,134
u08664,CienciaFiccion,351
u08665,Romance,158
u08666,Comedia,222
u08667,Accion,342
u08668,Animacion,287
u08669,Terror,394
u08670,Terror,164
u08671,Romance,27
u08672,Accion,446
u08673,Romance,430
u08674,Terror,357
u08675,Drama,188
u08676,Terror,266
u08677,CienciaFiccion,165
u08678,Drama,254
u08679,Animacion,255
u08680,Terror,374
u08681,Terror,308
u08682,Terror,382
u08683,Accion,261
u08684,Romance,272
u08685,Terror,484
u08686,Terror,386
u08687,Comedia,7
u08688,Animacion,140
u08689,Documental,158
u08690,CienciaFiccion,127
u08691,Documental,84
u08692,Accion,55
u08693,Comedia,254
u08694,Animacion,205
u08695,Drama,91
u08696,Terror,332
u08697,Accion,473
u08698,Terror,444
u08699,Animacion,349
u08700,Drama,445
u08701,Drama,396
u08702,CienciaFiccion,72
u08703,Romance,139
u08704,Terror,423
u08705,Accion,416
u08706,Animacion,38
u08707,CienciaFiccion,463
u08708,Romance,429
u08709,CienciaFiccion,38
u08710,Comedia,100
u08711,CienciaFiccion,468
u08712,Animacion,181
u08713,Accion,87
u08714,Accion,498
u08715,Animacion,261
u08716,CienciaFiccion,264
u08717,CienciaFiccion,100
u08718,Comedia,161
u08719,Documental,352
u08720,CienciaFiccion,374
u08721,Romance,425
u08722,Animacion,394
u08723,Romance,199
u08724,Terror,32
u08725,Romance,145
u08726,Comedia,492
u08727,Terror,47
u08728,CienciaFiccion,166
u08729,Accion,54
u08730,Drama,161
u08731,Romance,365
u08732,Drama,272
u08733,Drama,450
u08734,Accion,369
u08735,Accion,437
u08736,Accion,320
u08737,Romance,332
u08738,Animacion,99
u08739,Romance,68
u08740,CienciaFiccion,365
u08741,Terror,8
u08742,Terror,421
u08743,Terror,16
u08744,Documental,467
u08745,Animacion,333
u08746,Documental,413
u08747,Documental,499
u08748,Romance,381
u08749,CienciaFiccion,276
u08750,Romance,84
u08751,Drama,312
u08752,Drama,81
u08753,CienciaFiccion,293
u08754,Documental,54
u08755,Drama,141
u08756,Animacion,230
u08757,Animacion,412
u08758,Drama,16
u08759,Terror,25
u08760,Comedia,492
u08761,Drama,121
u08762,CienciaFiccion,144
u08763,Drama,184
u08764,Animacion,28
u08765,Comedia,483
u08766,Drama,268
u08767,Comedia,243
u08768,CienciaFiccion,399
u08769,Documental,484
u08770,Comedia,114
u08771,Romance,499
u08772,Accion,431
u08773,Terror,131
u08774,Animacion,148
u08775,Drama,60
u08776,Animacion,267
u08777,Drama,442
u08778,Romance,211
u08779,Accion,150
u08780,Documental,253
u08781,Drama,405
u08782,Animacion,70
u08783,Documental,307
u08784,Drama,448
u08785,Drama,81
u08786,Documental,298
u08787,CienciaFiccion,489
u08788,Animacion,61
u08789,Drama,9
u08790,CienciaFiccion,440
u08791,Terror,351
u08792,Terror,138
u08793,Terror,421
u08794,Comedia,188
u08795,Documental,486
u08796,Drama,400
u08797,Animacion,497
u08798,CienciaFiccion,54
u08799,Drama,439
u08800,Accion,160
u08801,Romance,188
u08802,Documental,337
u08803,Terror,97
u08804,Accion,408
u08805,Documental,282
u08806,CienciaFiccion,259
u08807,CienciaFiccion,137
u08808,Comedia,452
u08809,Documental,233
u08810,Documental,157
u08811,Romance,197
u08812,Accion,471
u08813,Drama,468
u08814,Comedia,88
u08815,Accion,496
u08816,Accion,141
u08817,Terror,269
u08818,Terror,115
u08819,CienciaFiccion,336
u08820,Romance,203
u08821,Romance,105
u08822,Documental,494
u08823,Documental,415
u08824,Terror,94
u08825,Accion,287
u08826,Animacion,334
u08827,Terror,109
u08828,Romance,178
u08829,CienciaFiccion,471
u08830,Animacion,145
u08831,Drama,144
u08832,Comedia,411
u08833,Comedia,449
u08834,CienciaFiccion,357
u08835,Animacion,182
u08836,CienciaFiccion,251
u08837,Accion,200
u08838,Accion,193
u08839,Drama,94
u08840,CienciaFiccion,81
u08841,Animacion,359
u08842,Terror,247
u08843,Terror,362
u08844,Animacion,216
u08845,Comedia,214
u08846,CienciaFiccion,396
u08847,Animacion,85
u08848,Romance,16
u08849,Animacion,147
u08850,CienciaFiccion,388
u08851,Accion,256
u08852,Animacion,91
u08853,Accion,77
u08854,Comedia,478
u08855,CienciaFiccion,208
u08856,Documental,243
u08857,Accion,358
u08858,CienciaFiccion,451
u08859,Documental,472
u08860,Comedia,356
u08861,Documental,3
u08862,Drama,149
u08863,Drama,234
u08864,CienciaFiccion,156
u08865,CienciaFiccion,273
u08866,Animacion,436
u08867,Terror,392
u08868,Drama,394
u08869,Accion,176
u08870,Comedia,324
u08871,CienciaFiccion,167
u08872,CienciaFiccion,118
u08873,Terror,224
u08874,CienciaFiccion,110
u08875,Animacion,339
u08876,Animacion,29
u08877,Comedia,91
u08878,Accion,340
u08879,Documental,457
u08880,Documental,166
u08881,Comedia,338
u08882,Accion,131
u08883,CienciaFiccion,215
u08884,Accion,58
u08885,Animacion,307
u08886,Comedia,299
u08887,Romance,246
u08888,CienciaFiccion,75
u08889,Terror,500
u08890,Accion,372
u08891,CienciaFiccion,100
u08892,CienciaFiccion,135
u08893,Drama,300
u08894,Accion,432
u08895,Romance,37
u08896,Romance,293
u08897,Drama,1
u08898,Comedia,462
u08899,Romance,129
u08900,Drama,165
u08901,Terror,93
u08902,Drama,7
u08903,Documental,113
u08904,Drama,250
u08905,CienciaFiccion,387
u08906,Animacion,17
u08907,CienciaFiccion,317
u08908,Drama,329
u08909,CienciaFiccion,414
u08910,Animacion,181
u08911,Romance,200
u08912,Accion,24
u08913,Drama,73
u08914,Drama,350
u08915,Romance,373
u08916,Terror,157
u08917,Animacion,174
u08918,CienciaFiccion,450
u08919,Accion,52
u08920,Drama,227
u08921,Comedia,89
u08922,Comedia,93
u08923,Drama,76
u08924,Documental,29
u08925,Animacion,102
u08926,Accion,17
u08927,Terror,420
u08928,Drama,437
u08929,Documental,385
u08930,Terror,439
u08931,Accion,477
u08932,Terror,287
u08933,CienciaFiccion,270
u08934,Animacion,56
u08935,Terror,62
u08936,Documental,358
u08937,Documental,285
u08938,Accion,350
u08939,Terror,223
u08940,Animacion,138
u08941,Comedia,172
u08942,Romance,3
u08943,Documental,52
u08944,Documental,411
u08945,Animacion,47
u08946,CienciaFiccion,302
u08947,Animacion,368
u08948,Terror,162
u08949,Animacion,96
u08950,Documental,56
u08951,Romance,205
u08952,Accion,296
u08953,Drama,474
u08954,Documental,299
u08955,Animacion,41
u08956,Romance,235
u08957,Drama,83
u08958,Accion,436
u08959,Romance,441
u08960,Terror,160
u08961,CienciaFiccion,410
u08962,Documental,220
u08963,Animacion,324
u08964,Drama,475
u08965,Animacion,199
u08966,Animacion,46
u08967,Terror,230
u08968,Terror,58
u08969,Drama,292
u08970,Comedia,91
u08971,Drama,247
u08972,Accion,16
u08973,Animacion,357
u08974,Drama,88
u08975,Documental,44
u08976,Comedia,62
u08977,CienciaFiccion,225
u08978,Documental,12
u08979,Romance,448
u08980,Comedia,250
u08981,Terror,404
u08982,Documental,332
u08983,Romance,381
u08984,Accion,19
u08985,Animacion,205
u08986,Animacion,12
u08987,Romance,276
u08988,Animacion,44
u08989,CienciaFiccion,181
u08990,Romance,189
u08991,Documental,417
u08992,Accion,182
u08993,Romance,104
u08994,Terror,16
u08995,Drama,45
u08996,Accion,218
u08997,Accion,48
u08998,Romance,234
u08999,Romance,147
u09000,Comedia,172
u09001,Comedia,220
u09002,Documental,304
u09003,Drama,277
u09004,Documental,366
u09005,CienciaFiccion,367
u09006,CienciaFiccion,305
u09007,CienciaFiccion,490
u09008,CienciaFiccion,282
u09009,Romance,61
u09010,Romance,493
u09011,Accion,465
u09012,Documental,303
u09013,Terror,23
u09014,CienciaFiccion,276
u09015,Accion,210
u09016,CienciaFiccion,488
u09017,Romance,500
u09018,CienciaFiccion,403
u09019,Comedia,96
u09020,CienciaFiccion,232
u09021,Accion,79
u09022,CienciaFiccion,341
u09023,Terror,66
u09024,CienciaFiccion,305
u09025,Romance,382
u09026,Drama,358
u09027,Terror,28
u09028,Documental,86
u09029,Drama,277
u09030,Animacion,457
u09031,Documental,177
u09032,Animacion,380
u09033,Drama,438
u09034,Accion,213
u09035,Animacion,77
u09036,Terror,111
u09037,Drama,195
u09038,Animacion,329
u09039,Accion,181
u09040,Drama,481
u09041,Comedia,464
u09042,Documental,467
u09043,Terror,336
u09044,Documental,204
u09045,Drama,290
u09046,Documental,443
u09047,Comedia,251
u09048,Terror,109
u09049,Comedia,328
u09050,Terror,341
u09051,Comedia,315
u09052,Animacion,407
u09053,CienciaFiccion,273
u09054,Terror,206
u09055,Terror,308
u09056,CienciaFiccion,120
u09057,Comedia,111
u09058,Comedia,280
u09059,Documental,8
u09060,Terror,466
u09061,Romance,430
u09062,Comedia,100
u09063,Romance,188
u09064,Drama,410
u09065,Documental,74
u09066,Terror,184
u09067,Animacion,86
u09068,Terror,127
u09069,Accion,261
u09070,CienciaFiccion,385
u09071,Terror,198
u09072,Romance,8
u09073,CienciaFiccion,483
u09074,Drama,171
u09075,Romance,458
u09076,Animacion,352
u09077,Terror,411
u09078,Comedia,427
u09079,Documental,26
u09080,Terror,154
u09081,Accion,487
u09082,CienciaFiccion,405
u09083,Drama,269
u09084,CienciaFiccion,442
u09085,Animacion,178
u09086,Accion,138
u09087,Accion,385
u09088,CienciaFiccion,234
u09089,Romance,435
u09090,Terror,92
u09091,Terror,67
u09092,Terror,446
u09093,Animacion,157
u09094,Terror,148
u09095,Drama,299
u09096,Accion,153
u09097,Drama,116
u09098,Animacion,76
u09099,Comedia,426
u09100,Romance,297
u09101,Animacion,21
u09102,CienciaFiccion,41
u09103,Comedia,398
u09104,Accion,285
u09105,Documental,77
u09106,Animacion,182
u09107,CienciaFiccion,354
u09108,Comedia,224
u09109,Drama,296
u09110,Drama,171
u09111,Accion,91
u09112,Accion,249
u09113,Accion,315
u09114,CienciaFiccion,344
u09115,Comedia,327
u09116,Animacion,382
u09117,Accion,199
u09118,Documental,23
u09119,Accion,353
u09120,Documental,233
u09121,Accion,20
u09122,Documental,412
u09123,CienciaFiccion,402
u09124,Documental,437
u09125,Terror,41
u09126,Documental,114
u09127,Terror,325
u09128,Terror,223
u09129,CienciaFiccion,445
u09130,Comedia,498
u09131,Drama,386
u09132,Terror,229
u09133,Comedia,425
u09134,Animacion,153
u09135,Animacion,75
u09136,Terror,67
u09137,Comedia,130
u09138,Accion,246
u09139,Romance,56
u09140,Comedia,163
u09141,CienciaFiccion,257
u09142,CienciaFiccion,352
u09143,Drama,34
u09144,Romance,496
u09145,Drama,30
u09146,CienciaFiccion,405
u09147,Comedia,167
u09148,Drama,132
u09149,Accion,396
u09150,Documental,98
u09151,Documental,88
u09152,Comedia,51
u09153,Terror,51
u09154,Documental,464
u09155,Animacion,422
u09156,CienciaFiccion,12
u09157,CienciaFiccion,349
u09158,Documental,291
u09159,Documental,429
u09160,Drama,176
u09161,Animacion,460
u09162,Romance,167
u09163,Documental,231
u09164,Animacion,32
u09165,Drama,254
u09166,Accion,167
u09167,Animacion,254
u09168,Animacion,372
u09169,CienciaFiccion,74
u09170,Animacion,426
u09171,Accion,103
u09172,Comedia,135
u09173,Documental,341
u09174,CienciaFiccion,45
u09175,Romance,362
u09176,Animacion,139
u09177,Documental,179
u09178,Comedia,480
u09179,Accion,449
u09180,Drama,450
u09181,Comedia,51
u09182,Documental,498
u09183,Animacion,111
u09184,Romance,92
u09185,Comedia,283
u09186,Drama,96
u09187,Romance,169
u09188,Animacion,91
u09189,Comedia,261
u09190,Romance,217
u09191,Accion,334
u09192,CienciaFiccion,460
u09193,CienciaFiccion,246
u09194,Drama,250
u09195,Comedia,411
u09196,Animacion,411
u09197,Accion,341
u09198,Accion,78
u09199,Drama,410
u09200,Romance,359
u09201,Drama,336
u09202,Documental,65
u09203,Romance,309
u09204,Drama,164
u09205,Animacion,217
u09206,Terror,358
u09207,Romance,408
u09208,Terror,203
u09209,Accion,103
u09210,Accion,188
u09211,Animacion,98
u09212,Drama,431
u09213,Romance,308
u09214,Animacion,174
u09215,Romance,343
u09216,Accion,159
u09217,Drama,66
u09218,Romance,328
u09219,Animacion,284
u09220,Accion,372
u09221,Accion,73
u09222,Terror,119
u09223,CienciaFiccion,457
u09224,Drama,233
u09225,Accion,453
u09226,Documental,304
u09227,Animacion,299
u09228,Terror,449
u09229,Animacion,451
u09230,Animacion,375
u09231,CienciaFiccion,213
u09232,Drama,61
u09233,Animacion,258
u09234,Terror,351
u09235,Drama,218
u09236,CienciaFiccion,39
u09237,Comedia,192
u09238,Romance,384
u09239,Documental,373
u09240,Animacion,154
u09241,Animacion,246
u09242,Accion,392
u09243,Accion,69
u09244,Drama,48
u09245,Documental,257
u09246,Animacion,98
u09247,Documental,40
u09248,CienciaFiccion,351
u09249,Documental,352
u09250,Comedia,273
u09251,Documental,474
u09252,Drama,209
u09253,Documental,169
u09254,Comedia,81
u09255,CienciaFiccion,332
u09256,CienciaFiccion,185
u09257,CienciaFiccion,462
u09258,Romance,117
u09259,Animacion,354
u09260,Animacion,174
u09261,Terror,273
u09262,Documental,209
u09263,CienciaFiccion,105
u09264,Animacion,280
u09265,Drama,204
u09266,CienciaFiccion,368
u09267,Drama,340
u09268,Documental,343
u09269,Animacion,121
u09270,Terror,44
u09271,Comedia,420
u09272,Drama,89
u09273,Comedia,146
u09274,Romance,20
u09275,Drama,217
u09276,CienciaFiccion,197
u09277,Accion,61
u09278,Animacion,357
u09279,Comedia,414
u09280,CienciaFiccion,403
u09281,Drama,329
u09282,Documental,150
u09283,Drama,253
u09284,Comedia,397
u09285,Accion,263
u09286,Terror,260
u09287,Comedia,415
u09288,Animacion,147
u09289,Animacion,177
u09290,CienciaFiccion,249
u09291,Romance,454
u09292,Accion,28
u09293,Romance,185
u09294,Documental,196
u09295,Terror,55
u09296,Drama,66
u09297,Romance,197
u09298,Animacion,384
u09299,Terror,211
u09300,CienciaFiccion,95
u09301,Accion,472
u09302,Terror,417
u09303,Accion,427
u09304,Accion,69
u09305,Documental,445
u09306,Animacion,309
u09307,Animacion,322
u09308,Accion,365
u09309,Terror,487
u09310,Animacion,162
u09311,Romance,287
u09312,Terror,197
u09313,Animacion,247
u09314,Documental,156
u09315,Accion,159
u09316,Terror,241
u09317,Romance,247
u09318,Accion,177
u09319,Accion,429
u09320,Comedia,352
u09321,Accion,261
u09322,Accion,10
u09323,Accion,323
u09324,Terror,480
u09325,Romance,374
u09326,Drama,168
u09327,Romance,297
u09328,Romance,476
u09329,Documental,423
u09330,Documental,356
u09331,Accion,10
u09332,Drama,57
u09333,Animacion,217
u09334,Drama,411
u09335,CienciaFiccion,408
u09336,Romance,424
u09337,Animacion,66
u09338,Romance,74
u09339,Accion,294
u09340,Romance,478
u09341,Animacion,482
u09342,Terror,338
u09343,Documental,34
u09344,Terror,499
u09345,Animacion,53
u09346,Comedia,167
u09347,Comedia,87
u09348,Accion,213
u09349,Accion,37
u09350,Documental,377
u09351,Drama,187
u09352,Comedia,165
u09353,Terror,421
u09354,Documental,131
u09355,Terror,75
u09356,Animacion,311
u09357,Comedia,244
u09358,Comedia,128
u09359,Terror,451
u09360,Romance,5
u09361,CienciaFiccion,311
u09362,Romance,307
u09363,Comedia,270
u09364,Terror,23
u09365,Drama,411
u09366,Documental,130
u09367,CienciaFiccion,124
u09368,Animacion,368
u09369,Accion,234
u09370,Comedia,129
u09371,CienciaFiccion,237
u09372,Accion,382
u09373,Accion,255
u09374,Romance,192
u09375,Documental,337
u09376,CienciaFiccion,218
u09377,Animacion,409
u09378,Drama,13
u09379,Documental,371
u09380,Drama,173
u09381,Documental,338
u09382,CienciaFiccion,42
u09383,Romance,75
u09384,Comedia,303
u09385,Animacion,199
u09386,CienciaFiccion,293
u09387,Accion,264
u09388,Animacion,58
u09389,Documental,206
u09390,CienciaFiccion,395
u09391,Animacion,432
u09392,Accion,254
u09393,Documental,245
u09394,Accion,482
u09395,Romance,407
u09396,Documental,395
u09397,Drama,303
u09398,Accion,183
u09399,Comedia,173
u09400,Documental,463
u09401,CienciaFiccion,313
u09402,Romance,373
u09403,Animacion,5
u09404,Comedia,177
u09405,Drama,368
u09406,Drama,86
u09407,CienciaFiccion,342
u09408,Drama,466
u09409,Animacion,90
u09410,Comedia,296
u09411,Terror,229
u09412,Comedia,297
u09413,Drama,63
u09414,Comedia,275
u09415,Comedia,285
u09416,Drama,455
u09417,CienciaFiccion,256
u09418,Comedia,233
u09419,Terror,321
u09420,Documental,120
u09421,Romance,134
u09422,Accion,143
u09423,Comedia,62
u09424,Comedia,114
u09425,Documental,291
u09426,Documental,326
u09427,Drama,56
u09428,Comedia,317
u09429,CienciaFiccion,253
u09430,Accion,23
u09431,Animacion,473
u09432,Romance,269
u09433,Accion,420
u09434,CienciaFiccion,111
u09435,Animacion,191
u09436,CienciaFiccion,310
u09437,Drama,424
u09438,Drama,344
u09439,Terror,187
u09440,Romance,123
u09441,Documental,121
u09442,Accion,466
u09443,Drama,415
u09444,CienciaFiccion,360
u09445,Terror,342
u09446,CienciaFiccion,243
u09447,CienciaFiccion,425
u09448,Drama,367
u09449,Documental,319
u09450,CienciaFiccion,72
u09451,Drama,483
u09452,Romance,374
u09453,CienciaFiccion,226
u09454,CienciaFiccion,55
u09455,Drama,371
u09456,Romance,252
u09457,Animacion,260
u09458,CienciaFiccion,30
u09459,Animacion,236
u09460,Accion,179
u09461,CienciaFiccion,181
u09462,Drama,263
u09463,Romance,81
u09464,CienciaFiccion,18
u09465,Terror,241
u09466,CienciaFiccion,99
u09467,Terror,463
u09468,Documental,1
u09469,Accion,107
u09470,Terror,426
u09471,Drama,489
u09472,CienciaFiccion,37
u09473,Accion,248
u09474,Terror,489
u09475,Documental,296
u09476,CienciaFiccion,398
u09477,Documental,491
u09478,Documental,471
u09479,CienciaFiccion,125
u09480,Accion,264
u09481,Terror,33
u09482,Animacion,24
u09483,Accion,232
u09484,Terror,294
u09485,Romance,73
u09486,Comedia,316
u09487,Accion,422
u09488,CienciaFiccion,156
u09489,Romance,187
u09490,Documental,348
u09491,Romance,198
u09492,Documental,419
u09493,Accion,336
u09494,Romance,434
u09495,Animacion,220
u09496,Comedia,2
u09497,Terror,432
u09498,Animacion,271
u09499,Romance,83
u09500,Documental,431
u09501,CienciaFiccion,120
u09502,Terror,121
u09503,Terror,471
u09504,Terror,21
u09505,Terror,168
u09506,CienciaFiccion,426
u09507,Documental,385
u09508,Accion,179
u09509,Terror,472
u09510,Comedia,441
u09511,Animacion,302
u09512,Comedia,415
u09513,Romance,378
u09514,Terror,193
u09515,Drama,287
u09516,Accion,170
u09517,Romance,252
u09518,Documental,497
u09519,Accion,404
u09520,Animacion,348
u09521,Animacion,170
u09522,Terror,87
u09523,Comedia,61
u09524,Documental,225
u09525,Romance,411
u09526,Drama,39
u09527,Drama,368
u09528,Comedia,41
u09529,Documental,441
u09530,Documental,390
u09531,Accion,116
u09532,Documental,14
u09533,Documental,394
u09534,Romance,273
u09535,CienciaFiccion,288
u09536,Comedia,295
u09537,Comedia,201
u09538,Animacion,471
u09539,Accion,363
u09540,Drama,245
u09541,Animacion,449
u09542,Documental,115
u09543,Drama,183
u09544,Documental,132
u09545,Drama,278
u09546,Terror,418
u09547,Accion,428
u09548,Accion,297
u09549,Accion,102
u09550,Romance,243
u09551,Terror,409
u09552,Comedia,196
u09553,Animacion,215
u09554,Accion,411
u09555,Animacion,169
u09556,CienciaFiccion,173
u09557,Animacion,143
u09558,Documental,289
u09559,CienciaFiccion,490
u09560,Accion,31
u09561,Terror,434
u09562,Terror,445
u09563,Documental,379
u09564,CienciaFiccion,163
u09565,Drama,401
u09566,Documental,131
u09567,Documental,20
u09568,Comedia,276
u09569,CienciaFiccion,170
u09570,Romance,91
u09571,Drama,313
u09572,CienciaFiccion,170
u09573,Comedia,40
u09574,Animacion,287
u09575,Romance,229
u09576,Accion,51
u09577,CienciaFiccion,73
u09578,Accion,278
u09579,Romance,479
u09580,CienciaFiccion,102
u09581,CienciaFiccion,18
u09582,Romance,319
u09583,Drama,111
u09584,Documental,254
u09585,Romance,382
u09586,Romance,30
u09587,Documental,348
u09588,Accion,246
u09589,CienciaFiccion,406
u09590,Documental,294
u09591,Documental,325
u09592,Comedia,271
u09593,Drama,31
u09594,Drama,394
u09595,Animacion,352
u09596,Animacion,453
u09597,Documental,417
u09598,Romance,84
u09599,Documental,140
u09600,Animacion,475
u09601,Drama,402
u09602,Romance,32
u09603,Comedia,240
u09604,Drama,374
u09605,Documental,331
u09606,Animacion,60
u09607,Romance,157
u09608,Animacion,357
u09609,Documental,449
u09610,CienciaFiccion,226
u09611,Drama,314
u09612,Terror,482
u09613,Documental,5
u09614,Animacion,50
u09615,CienciaFiccion,497
u09616,Animacion,303
u09617,Animacion,155
u09618,Accion,271
u09619,Drama,286
u09620,Drama,201
u09621,Accion,165
u09622,Terror,33
u09623,Animacion,430
u09624,Romance,340
u09625,Documental,37
u09626,Comedia,308
u09627,Terror,78
u09628,Romance,163
u09629,Terror,293
u09630,Documental,276
u09631,CienciaFiccion,277
u09632,Animacion,340
u09633,Terror,461
u09634,Romance,189
u09635,Documental,66
u09636,Terror,234
u09637,Romance,337
u09638,Terror,251
u09639,Comedia,75
u09640,Drama,367
u09641,Comedia,371
u09642,Animacion,435
u09643,CienciaFiccion,470
u09644,Terror,279
u09645,Accion,494
u09646,Documental,481
u09647,CienciaFiccion,451
u09648,Romance,292
u09649,Terror,500
u09650,Documental,398
u09651,Romance,125
u09652,Drama,43
u09653,Drama,254
u09654,Drama,295
u09655,Documental,317
u09656,Accion,49
u09657,Drama,453
u09658,Documental,444
u09659,Animacion,19
u09660,Animacion,414
u09661,Animacion,128
u09662,Terror,459
u09663,Comedia,400
u09664,Accion,158
u09665,CienciaFiccion,464
u09666,Romance,267
u09667,Documental,269
u09668,Comedia,126
u09669,Drama,481
u09670,Terror,351
u09671,Comedia,74
u09672,Documental,214
u09673,Terror,301
u09674,Terror,386
u09675,Comedia,122
u09676,Comedia,33
u09677,Comedia,445
u09678,Drama,415
u09679,Drama,342
u09680,Terror,200
u09681,Animacion,353
u09682,Accion,436
u09683,Documental,277
u09684,Accion,100
u09685,Animacion,6
u09686,CienciaFiccion,101
u09687,Documental,48
u09688,Drama,201
u09689,Terror,449
u09690,CienciaFiccion,494
u09691,Drama,114
u09692,Romance,70
u09693,Terror,268
u09694,CienciaFiccion,282
u09695,Animacion,81
u09696,Animacion,211
u09697,Romance,252
u09698,Comedia,369
u09699,Drama,431
u09700,Comedia,11
u09701,Accion,298
u09702,Documental,446
u09703,Comedia,40
u09704,Animacion,454
u09705,Terror,101
u09706,Comedia,99
u09707,Documental,456
u09708,Comedia,230
u09709,Documental,431
u09710,Romance,197
u09711,CienciaFiccion,149
u09712,Accion,29
u09713,Terror,33
u09714,Terror,321
u09715,Animacion,409
u09716,Documental,433
u09717,Documental,72
u09718,Documental,176
u09719,CienciaFiccion,394
u09720,Terror,137
u09721,Documental,455
u09722,CienciaFiccion,307
u09723,Comedia,355
u09724,Romance,45
u09725,Terror,371
u09726,CienciaFiccion,107
u09727,Romance,213
u09728,CienciaFiccion,7
u09729,Comedia,266
u09730,Animacion,170
u09731,Animacion,43
u09732,Drama,74
u09733,Accion,175
u09734,Comedia,323
u09735,Animacion,412
u09736,Documental,187
u09737,Romance,422
u09738,Comedia,215
u09739,Animacion,140
u09740,Terror,112
u09741,Terror,155
u09742,Drama,197
u09743,CienciaFiccion,458
u09744,Comedia,62
u09745,CienciaFiccion,452
u09746,Terror,130
u09747,Documental,92
u09748,Animacion,464
u09749,Animacion,431
u09750,Romance,96
u09751,CienciaFiccion,434
u09752,Terror,266
u09753,Drama,372
u09754,Comedia,390
u09755,Accion,291
u09756,Romance,407
u09757,Animacion,344
u09758,Documental,120
u09759,Animacion,239
u09760,Comedia,47
u09761,Accion,294
u09762,Documental,121
u09763,Animacion,500
u09764,CienciaFiccion,114
u09765,Accion,429
u09766,Terror,151
u09767,Comedia,267
u09768,Drama,492
u09769,Animacion,300
u09770,Documental,274
u09771,Comedia,470
u09772,Animacion,105
u09773,Romance,66
u09774,Comedia,251
u09775,Drama,424
u09776,Romance,176
u09777,Comedia,242
u09778,Romance,445
u09779,Animacion,138
u09780,Drama,274
u09781,Drama,212
u09782,Comedia,101
u09783,Accion,98
u09784,Romance,275
u09785,Documental,25
u09786,Animacion,268
u09787,Accion,20
u09788,Terror,206
u09789,Documental,366
u09790,Romance,483
u09791,Comedia,441
u09792,Comedia,292
u09793,Romance,369
u09794,Terror,118
u09795,CienciaFiccion,278
u09796,CienciaFiccion,408
u09797,Animacion,226
u09798,Documental,90
u09799,Terror,318
u09800,Terror,437
u09801,Terror,162
u09802,Documental,176
u09803,Drama,314
u09804,Romance,244
u09805,Terror,264
u09806,Animacion,336
u09807,Terror,27
u09808,Romance,406
u09809,Documental,20
u09810,Terror,245
u09811,Romance,184
u09812,Drama,323
u09813,Documental,399
u09814,Comedia,136
u09815,Accion,77
u09816,Accion,395
u09817,Accion,156
u09818,Romance,259
u09819,Romance,459
u09820,Documental,4
u09821,Drama,157
u09822,Terror,439
u09823,CienciaFiccion,355
u09824,Romance,290
u09825,Terror,216
u09826,CienciaFiccion,254
u09827,Accion,304
u09828,Animacion,204
u09829,Romance,364
u09830,Romance,452
u09831,Drama,3
u09832,Comedia,277
u09833,Drama,173
u09834,Romance,167
u09835,Romance,195
u09836,Animacion,200
u09837,Accion,255
u09838,Terror,195
u09839,Documental,484
u09840,Romance,379
u09841,Accion,398
u09842,Documental,197
u09843,CienciaFiccion,145
u09844,Documental,449
u09845,Drama,122
u09846,CienciaFiccion,145
u09847,Animacion,492
u09848,Terror,315
u09849,Accion,301
u09850,Documental,292
u09851,Accion,70
u09852,Comedia,63
u09853,CienciaFiccion,181
u09854,Animacion,481
u09855,Accion,133
u09856,Documental,436
u09857,CienciaFiccion,330
u09858,CienciaFiccion,306
u09859,Romance,124
u09860,Drama,225
u09861,CienciaFiccion,190
u09862,Drama,394
u09863,Terror,56
u09864,Terror,145
u09865,Accion,345
u09866,Comedia,75
u09867,Animacion,224
u09868,CienciaFiccion,55
u09869,CienciaFiccion,407
u09870,Comedia,357
u09871,Animacion,215
u09872,Drama,319
u09873,Romance,217
u09874,Drama,100
u09875,Romance,121
u09876,Animacion,238
u09877,Animacion,343
u09878,Animacion,87
u09879,Comedia,380
u09880,Animacion,25
u09881,Accion,298
u09882,Animacion,445
u09883,Terror,499
u09884,Animacion,144
u09885,Romance,22
u09886,Drama,420
u09887,Animacion,34
u09888,CienciaFiccion,189
u09889,Terror,208
u09890,Accion,35
u09891,CienciaFiccion,373
u09892,Drama,345
u09893,Documental,321
u09894,Animacion,207
u09895,Terror,42
u09896,Accion,356
u09897,Documental,426
u09898,CienciaFiccion,329
u09899,Romance,480
u09900,Comedia,202
u09901,Terror,59
u09902,Terror,235
u09903,Romance,72
u09904,Comedia,168
u09905,Romance,484
u09906,Drama,262
u09907,Comedia,7
u09908,Documental,68
u09909,Romance,485
u09910,Animacion,302
u09911,Accion,138
u09912,Accion,298
u09913,Comedia,201
u09914,Drama,261
u09915,Accion,474
u09916,Romance,499
u09917,Accion,193
u09918,Animacion,17
u09919,Drama,387
u09920,Terror,446
u09921,Romance,76
u09922,Romance,55
u09923,Animacion,249
u09924,Terror,306
u09925,Animacion,322
u09926,Comedia,121
u09927,Drama,323
u09928,Animacion,237
u09929,Terror,382
u09930,Comedia,283
u09931,Terror,65
u09932,Documental,316
u09933,CienciaFiccion,18
u09934,Comedia,122
u09935,CienciaFiccion,112
u09936,CienciaFiccion,486
u09937,Accion,464
u09938,Documental,166
u09939,Accion,125
u09940,Drama,147
u09941,Comedia,348
u09942,Romance,382
u09943,Comedia,59
u09944,Romance,124
u09945,Terror,60
u09946,Drama,320
u09947,Romance,406
u09948,Accion,336
u09949,Comedia,204
u09950,Terror,318
u09951,Romance,187
u09952,Animacion,349
u09953,Drama,157
u09954,Documental,492
u09955,CienciaFiccion,123
u09956,Accion,38
u09957,Documental,287
u09958,Animacion,262
u09959,Romance,76
u09960,Terror,453
u09961,Accion,490
u09962,Accion,108
u09963,Terror,311
u09964,Documental,298
u09965,Terror,337
u09966,Terror,254
u09967,CienciaFiccion,109
u09968,Romance,472
u09969,Comedia,59
u09970,Animacion,245
u09971,Comedia,172
u09972,Romance,234
u09973,CienciaFiccion,427
u09974,CienciaFiccion,185
u09975,Terror,144
u09976,Drama,19
u09977,Animacion,135
u09978,Comedia,350
u09979,Accion,283
u09980,Accion,4
u09981,Romance,200
u09982,Documental,357
u09983,Drama,128
u09984,Terror,316
u09985,Terror,20
u09986,Accion,110
u09987,Documental,268
u09988,Comedia,280
u09989,Documental,453
u09990,Accion,71
u09991,Drama,331
u09992,Terror,180
u09993,CienciaFiccion,43
u09994,Animacion,337
u09995,CienciaFiccion,176
u09996,Terror,1
u09997,CienciaFiccion,343
u09998,Romance,8
u09999,Romance,112
u10000,CienciaFiccion,368
